imagem,nome,preco,categoria,promocao,destaque,ativo
produtos/cigarro_lucky_strike_original_vermelho.png,cigarro Lucky Strike original vermelho,11.50,Geral,FALSE,FALSE,TRUE
produtos/jeitone_cookies.png,jeitone cookies,9.00,Geral,FALSE,FALSE,TRUE
produtos/manteiga_qualy_250g.png,manteiga qualy 250g,7.00,Geral,FALSE,FALSE,TRUE
produtos/6.5.png,6.5,0.00,Geral,FALSE,FALSE,TRUE
produtos/absorvente_diana_com_abas.png,absorvente Diana com abas,6.00,Geral,FALSE,FALSE,TRUE
produtos/absorvente_sempre_livre_com_abas.png,absorvente sempre livre com abas,6.50,Geral,FALSE,FALSE,TRUE
produtos/absorvente_sym_noite_e_dia.png,absorvente Sym noite e dia,7.99,Geral,FALSE,FALSE,TRUE
produtos/acai_180g.png,acai 180g,8.00,Geral,FALSE,FALSE,TRUE
produtos/acetona_beira_alta_90ml.png,Acetona Beira Alta 90ml,4.00,Geral,FALSE,FALSE,TRUE
produtos/acetona_zulu.png,acetona zulu,4.50,Geral,FALSE,FALSE,TRUE
produtos/achocolatado_toddynho_200ml.png,achocolatado toddynho 200ml,4.50,Geral,FALSE,FALSE,TRUE
produtos/açucar_sonoro_2kg.png,açucar sonoro 2kg,10.50,Geral,FALSE,FALSE,TRUE
produtos/agua__crystal1.5l_com_gás.png,agua  crystal1.5l com gás,5.00,Geral,FALSE,FALSE,TRUE
produtos/agua_1.5l_sem_gas.png,agua 1.5l sem gas,5.00,Geral,FALSE,FALSE,TRUE
produtos/agua_500ml_sem_gas.png,agua 500ml sem gas,3.00,Geral,FALSE,FALSE,TRUE
produtos/agua_ardente_51.png,agua ardente 51,19.00,Geral,FALSE,FALSE,TRUE
produtos/agua_coco_puro_coco_180ml.png,agua coco puro coco 180ml,4.00,Geral,FALSE,FALSE,TRUE
produtos/agua_crystal_500ml_com_gás.png,agua crystal 500ml com gás,3.00,Geral,FALSE,FALSE,TRUE
produtos/agua_oxigenada_beira_alta.png,agua oxigenada beira alta,4.00,Geral,FALSE,FALSE,TRUE
produtos/agua_sanitária_ype_1l.png,agua sanitária Ype 1L,6.50,Geral,FALSE,FALSE,TRUE
produtos/agua_tonica_schweppes_350ml.png,agua tonica Schweppes 350ml,4.00,Geral,FALSE,FALSE,TRUE
produtos/alcool_46_inpm_itajá.png,alcool 46 INPM Itajá,9.50,Geral,FALSE,FALSE,TRUE
produtos/alcool_zupp_54_gl.png,alcool ZUPP 54 gl,10.50,Geral,FALSE,FALSE,TRUE
produtos/alfajor_las_colonias.png,alfajor Las Colonias,4.00,Geral,FALSE,FALSE,TRUE
produtos/algodao_cotondela.png,algodao cotondela,6.50,Geral,FALSE,FALSE,TRUE
produtos/amaciante_de_roupas_mon_bijou_500ml.png,amaciante de roupas mon bijou 500ml,11.80,Geral,FALSE,FALSE,TRUE
produtos/amaciante_de_roupas_qboa_500ml.png,amaciante de roupas Qboa 500ml,4.50,Geral,FALSE,FALSE,TRUE
produtos/amendoim_japones_amendupã_60g.png,Amendoim japones Amendupã 60g,3.00,Geral,FALSE,FALSE,TRUE
produtos/amendoin_apimentado_amendupã_50g.png,amendoin apimentado amendupã 50g,3.00,Geral,FALSE,FALSE,TRUE
produtos/amendoin_de_buteco.png,amendoin de buteco,1.50,Geral,FALSE,FALSE,TRUE
produtos/amendoin_japones__pettiz_50g.png,amendoin japones  pettiz 50g,4.00,Geral,FALSE,FALSE,TRUE
produtos/amendoin_sem_pele_amendupã_50g.png,amendoin sem pele amendupã 50g,3.00,Geral,FALSE,FALSE,TRUE
produtos/amendoin_torrado_com_pele_50g.png,amendoin torrado com pele 50g,3.00,Geral,FALSE,FALSE,TRUE
produtos/amendoin_torrado_sem_pele_pettiz.png,amendoin torrado sem pele pettiz,4.00,Geral,FALSE,FALSE,TRUE
produtos/amido_de_milho_apti_200g.png,amido de milho apti 200g,4.50,Geral,FALSE,FALSE,TRUE
produtos/amido_de_milho_apti_500g.png,amido de milho apti 500g,10.00,Geral,FALSE,FALSE,TRUE
produtos/amido_de_milho_kimimo.png,Amido de Milho Kimimo,4.00,Geral,FALSE,FALSE,TRUE
produtos/amido_de_milho_quero_200g.png,Amido de milho Quero 200g,6.00,Geral,FALSE,FALSE,TRUE
produtos/amstel_269ml.png,amstel 269ml,3.50,Geral,FALSE,FALSE,TRUE
produtos/amstel_long_neck.png,Amstel long neck,4.50,Geral,FALSE,FALSE,TRUE
produtos/amstel_lt_sleek_350ml.png,AMSTEL LT SLEEK 350ml,4.00,Geral,FALSE,FALSE,TRUE
produtos/antartica_350ml.png,Antartica 350ml,4.00,Geral,FALSE,FALSE,TRUE
produtos/antartica_sub_zero_269ml.png,Antartica Sub Zero 269ml,2.75,Geral,FALSE,FALSE,TRUE
produtos/aperitivo_aperol_750ml.png,aperitivo Aperol 750ml,50.00,Geral,FALSE,FALSE,TRUE
produtos/arroz_camil_1kg.png,arroz camil 1KG,7.50,Geral,FALSE,FALSE,TRUE
produtos/arroz_coradini_1kg.png,arroz Coradini 1kg,7.50,Geral,FALSE,FALSE,TRUE
produtos/arroz_flora_1kg.png,arroz flora 1kg,7.50,Geral,FALSE,FALSE,TRUE
produtos/arroz_guacira_1kg.png,arroz guacira 1kg,8.50,Geral,FALSE,FALSE,TRUE
produtos/arroz_prato_pratofino_1k.png,arroz prato pratofino 1k,8.99,Geral,FALSE,FALSE,TRUE
produtos/arroz_tio_urbano_1kg.png,Arroz tio Urbano 1kg,8.50,Geral,FALSE,FALSE,TRUE
produtos/azeitona_com_caroco_100g.png,azeitona com caroco 100g,5.50,Geral,FALSE,FALSE,TRUE
produtos/azeitona_la_violetera_220g.png,azeitona la violetera 220g,9.00,Geral,FALSE,FALSE,TRUE
produtos/azeitona_sem_caroço_donana_320g.png,azeitona sem caroço Donana 320g,10.50,Geral,FALSE,FALSE,TRUE
produtos/bacon_crant_60g.png,Bacon Crant 60g,3.50,Geral,FALSE,FALSE,TRUE
produtos/bala_hortela.png,bala hortela,0.20,Geral,FALSE,FALSE,TRUE
produtos/bala_mole.png,bala mole,0.20,Geral,FALSE,FALSE,TRUE
produtos/barbeador_bic.png,barbeador bic,6.00,Geral,FALSE,FALSE,TRUE
produtos/barra_chocolate_alpino_ao_leite.png,barra chocolate alpino ao leite,11.00,Geral,FALSE,FALSE,TRUE
produtos/barra_chocolate_branco_garoto.png,barra chocolate branco garoto,10.00,Geral,FALSE,FALSE,TRUE
produtos/barra_chocolate_caju.png,barra chocolate caju,10.00,Geral,FALSE,FALSE,TRUE
produtos/barra_chocolate_diamante_negro.png,barra chocolate diamante negro,11.00,Geral,FALSE,FALSE,TRUE
produtos/barra_chocolate_garoto_ao_leite.png,barra chocolate garoto ao leite,10.00,Geral,FALSE,FALSE,TRUE
produtos/barra_chocolate_garoto_crunch.png,barra chocolate garoto crunch,11.00,Geral,FALSE,FALSE,TRUE
produtos/barra_chocolate_garoto_meio_amargo.png,barra chocolate garoto meio amargo,11.00,Geral,FALSE,FALSE,TRUE
produtos/barra_chocolate_garoto_negresco.png,barra chocolate garoto negresco,10.00,Geral,FALSE,FALSE,TRUE
produtos/barra_chocolate_lacta_amaro.png,barra chocolate lacta amaro,11.00,Geral,FALSE,FALSE,TRUE
produtos/barra_chocolate_lacta_diamante_negro.png,barra chocolate lacta diamante negro,11.00,Geral,FALSE,FALSE,TRUE
produtos/barra_chocolate_lacta_oreo.png,barra chocolate lacta oreo,11.00,Geral,FALSE,FALSE,TRUE
produtos/barra_chocolate_lacta_shot.png,barra chocolate lacta shot,11.00,Geral,FALSE,FALSE,TRUE
produtos/barra_chocolate_nestle_charge_recheado.png,barra chocolate nestle charge recheado,11.00,Geral,FALSE,FALSE,TRUE
produtos/barra_chocolate_nestle_classic_ao_leite.png,barra chocolate nestle classic ao leite,11.00,Geral,FALSE,FALSE,TRUE
produtos/barra_chocolate_nestle_classic_meio_amargo.png,barra chocolate nestle classic meio amargo,11.00,Geral,FALSE,FALSE,TRUE
produtos/barra_chocolate_nestle_crunch.png,barra chocolate nestle crunch,11.00,Geral,FALSE,FALSE,TRUE
produtos/barra_chocolate_nestle_duo.png,barra chocolate nestle duo,11.00,Geral,FALSE,FALSE,TRUE
produtos/barra_chocolate_nestle_negresco_recheado.png,barra chocolate nestle negresco recheado,11.00,Geral,FALSE,FALSE,TRUE
produtos/barra_chocolate_nestle_prestigio.png,barra chocolate nestle prestigio,11.00,Geral,FALSE,FALSE,TRUE
produtos/barra_chocolate_nestle_prestigio_recheado.png,barra chocolate nestle prestigio recheado,11.00,Geral,FALSE,FALSE,TRUE
produtos/barra_chocolate_oreo.png,barra chocolate oreo,11.00,Geral,FALSE,FALSE,TRUE
produtos/barra_chocolate_ouro_branco.png,barra chocolate ouro branco,11.00,Geral,FALSE,FALSE,TRUE
produtos/barra_chocolate_sonho_valsa.png,barra chocolate sonho valsa,11.00,Geral,FALSE,FALSE,TRUE
produtos/barra_de_chocolate_garoto_negresco.png,barra de chocolate garoto negresco,10.00,Geral,FALSE,FALSE,TRUE
produtos/barra_diplomata.png,barra diplomata,10.00,Geral,FALSE,FALSE,TRUE
produtos/barra_lacta_ao_leite.png,barra lacta ao leite,11.00,Geral,FALSE,FALSE,TRUE
produtos/barra_lacta_laka_diamante_negro.png,barra lacta laka diamante negro,11.00,Geral,FALSE,FALSE,TRUE
produtos/barra_nestle_galak.png,barra nestle galak,11.00,Geral,FALSE,FALSE,TRUE
produtos/batata_freetaz_cebola_e_salsa_45g.png,batata Freetaz cebola e salsa 45g,4.00,Geral,FALSE,FALSE,TRUE
produtos/batata_freetaz_churrasco_45g.png,batata Freetaz churrasco 45g,4.00,Geral,FALSE,FALSE,TRUE
produtos/batata_freetaz_original_45g.png,batata Freetaz original 45g,4.00,Geral,FALSE,FALSE,TRUE
produtos/batata_lays_35g.png,batata lays 35g,4.99,Geral,FALSE,FALSE,TRUE
produtos/batata_palha_amarelinha_200g.png,Batata Palha Amarelinha 200g,12.00,Geral,FALSE,FALSE,TRUE
produtos/batata_pringles_churrasco.png,batata pringles churrasco,16.00,Geral,FALSE,FALSE,TRUE
produtos/batata_pringles_creme_e_cebola.png,batata pringles creme e cebola,16.00,Geral,FALSE,FALSE,TRUE
produtos/batata_pringles_original.png,batata pringles original,16.00,Geral,FALSE,FALSE,TRUE
produtos/batata_ruffles_32g.png,batata Ruffles 32g,3.99,Geral,FALSE,FALSE,TRUE
produtos/baton.png,baton,2.25,Geral,FALSE,FALSE,TRUE
produtos/baton.png,baton,2.25,Geral,FALSE,FALSE,TRUE
produtos/baunilha_kisabor_30ml.png,Baunilha Kisabor 30ml,4.60,Geral,FALSE,FALSE,TRUE
produtos/baunilhja_arrifama.png,baunilhja arrifama,7.00,Geral,FALSE,FALSE,TRUE
produtos/beats_long_neck_red_mix_frutas_vermelha.png,beats long neck red mix frutas vermelha,8.50,Geral,FALSE,FALSE,TRUE
produtos/bela_roma.png,bela roma,7.00,Geral,FALSE,FALSE,TRUE
produtos/bicarbonato_de_sódio_30g.png,bicarbonato de sódio 30g,2.80,Geral,FALSE,FALSE,TRUE
produtos/bis.png,bis,10.00,Geral,FALSE,FALSE,TRUE
produtos/bis_branco.png,bis branco,10.00,Geral,FALSE,FALSE,TRUE
produtos/biscoito_bauducco_chocolate.png,biscoito bauducco chocolate,3.75,Geral,FALSE,FALSE,TRUE
produtos/biscoito_mama_mia_de_sal.png,biscoito mama mia de sal,8.00,Geral,FALSE,FALSE,TRUE
produtos/bizuqinha_pinta_lingua_azul.png,bizuqinha pinta lingua azul,1.50,Geral,FALSE,FALSE,TRUE
produtos/bizuquinha_chocolate.png,bizuquinha chocolate,1.50,Geral,FALSE,FALSE,TRUE
produtos/bizuquinha_leite_condensado.png,bizuquinha leite condensado,1.50,Geral,FALSE,FALSE,TRUE
produtos/bizuquinha_maracuja.png,bizuquinha maracuja,1.50,Geral,FALSE,FALSE,TRUE
produtos/bizuquinha_morango.png,bizuquinha morango,1.50,Geral,FALSE,FALSE,TRUE
produtos/bizuquinho_açai.png,bizuquinho açai,3.00,Geral,FALSE,FALSE,TRUE
produtos/bolacha__oreo_wandinha.png,bolacha  oreo wandinha,5.00,Geral,FALSE,FALSE,TRUE
produtos/bolacha_bauducco_morango.png,bolacha bauducco morango,3.75,Geral,FALSE,FALSE,TRUE
produtos/bolacha_bauduco_chocolate.png,bolacha bauduco chocolate,3.75,Geral,FALSE,FALSE,TRUE
produtos/bolacha_bono_chocolate.png,bolacha bono chocolate,4.00,Geral,FALSE,FALSE,TRUE
produtos/bolacha_bono_doce_de_leite.png,bolacha bono doce de leite,4.00,Geral,FALSE,FALSE,TRUE
produtos/bolacha_bono_limao.png,bolacha bono limao,4.00,Geral,FALSE,FALSE,TRUE
produtos/bolacha_bono_morango.png,bolacha bono morango,4.00,Geral,FALSE,FALSE,TRUE
produtos/bolacha_cream_cracker_sol.png,bolacha cream cracker sol,7.50,Geral,FALSE,FALSE,TRUE
produtos/bolacha_maizena_capriche.png,bolacha maizena capriche,7.50,Geral,FALSE,FALSE,TRUE
produtos/bolacha_mousse_black_morango.png,bolacha Mousse black morango,4.50,Geral,FALSE,FALSE,TRUE
produtos/bolacha_mousse_chocolate.png,bolacha mousse chocolate,4.50,Geral,FALSE,FALSE,TRUE
produtos/bolacha_mousse_limao.png,bolacha mousse limao,4.50,Geral,FALSE,FALSE,TRUE
produtos/bolacha_mousse_morango.png,bolacha mousse morango,4.50,Geral,FALSE,FALSE,TRUE
produtos/bolacha_negresco.png,bolacha negresco,4.00,Geral,FALSE,FALSE,TRUE
produtos/bolacha_negresco_morango.png,bolacha negresco morango,4.00,Geral,FALSE,FALSE,TRUE
produtos/bolacha_oreo.png,bolacha oreo,5.00,Geral,FALSE,FALSE,TRUE
produtos/bolacha_passatempo_chocolate.png,bolacha passatempo chocolate,4.50,Geral,FALSE,FALSE,TRUE
produtos/bolacha_trakinas_chocolate.png,bolacha trakinas chocolate,4.50,Geral,FALSE,FALSE,TRUE
produtos/bolacha_trakinas_meio_a_meio.png,bolacha trakinas meio a meio,4.50,Geral,FALSE,FALSE,TRUE
produtos/bolacha_tuc's.png,bolacha tuc's,3.00,Geral,FALSE,FALSE,TRUE
produtos/bolacha_vitarella_cream_cracker.png,bolacha vitarella cream cracker,10.00,Geral,FALSE,FALSE,TRUE
produtos/bolacha_vitarella_maizena.png,bolacha vitarella maizena,10.50,Geral,FALSE,FALSE,TRUE
produtos/bolacha_wafer_vitarella.png,bolacha Wafer Vitarella,3.50,Geral,FALSE,FALSE,TRUE
produtos/bombom_ninho_trufado.png,bombom ninho trufado,9.00,Geral,FALSE,FALSE,TRUE
produtos/bombom_ouro_branco_und.png,bombom ouro branco und,2.25,Geral,FALSE,FALSE,TRUE
produtos/bombom_sonho_de_valsa.png,bombom sonho de valsa,2.25,Geral,FALSE,FALSE,TRUE
produtos/bombril.png,bombril,4.00,Geral,FALSE,FALSE,TRUE
produtos/bouquet_de_cores.png,bouquet de cores,60.00,Geral,FALSE,FALSE,TRUE
produtos/brahma_269ml.png,Brahma 269ml,3.25,Geral,FALSE,FALSE,TRUE
produtos/brahma_350.png,Brahma 350,3.75,Geral,FALSE,FALSE,TRUE
produtos/brahma_duplo_malte_350ml.png,Brahma duplo Malte 350ml,4.50,Geral,FALSE,FALSE,TRUE
produtos/brahma_duplo_malte_tostada_350_ml.png,Brahma duplo malte tostada 350 ml,4.50,Geral,FALSE,FALSE,TRUE
produtos/brahma_malzbier_long.png,brahma malzbier long,6.50,Geral,FALSE,FALSE,TRUE
produtos/brahma_malzbier_long_neck.png,Brahma Malzbier long neck,6.50,Geral,FALSE,FALSE,TRUE
produtos/brahma_zero_350ml.png,Brahma zero 350ml,4.50,Geral,FALSE,FALSE,TRUE
produtos/brahma_zero_long_neck.png,Brahma zero long neck,5.00,Geral,FALSE,FALSE,TRUE
produtos/budweiser_269ml.png,Budweiser 269ml,3.50,Geral,FALSE,FALSE,TRUE
produtos/budweiser_350ml.png,Budweiser 350ml,4.50,Geral,FALSE,FALSE,TRUE
produtos/budweiser_lonh_neck.png,budweiser lonh neck,6.50,Geral,FALSE,FALSE,TRUE
produtos/cachaça_jamel_965ml.png,cachaça Jamel 965ml,20.50,Geral,FALSE,FALSE,TRUE
produtos/cachaça_ouro_jamel__900ml.png,cachaça ouro jamel  900ml,22.50,Geral,FALSE,FALSE,TRUE
produtos/cachaça_ouro_upióca.png,cachaça ouro Upióca,28.00,Geral,FALSE,FALSE,TRUE
produtos/cachaça_velho_barreiro_910ml.png,cachaça velho barreiro 910ml,23.00,Geral,FALSE,FALSE,TRUE
produtos/cafe__brasileiro_250g.png,cafe  brasileiro 250g,22.00,Geral,FALSE,FALSE,TRUE
produtos/cafe_3_corações_250g.png,cafe 3 corações 250g,23.00,Geral,FALSE,FALSE,TRUE
produtos/cafe_brasileiro_extra_forte.png,cafe brasileiro extra forte,21.00,Geral,FALSE,FALSE,TRUE
produtos/café_brasileiro_tradicional_250g.png,café brasileiro tradicional 250g,21.50,Geral,FALSE,FALSE,TRUE
produtos/cafe_caboclo_250g.png,cafe caboclo 250g,21.00,Geral,FALSE,FALSE,TRUE
produtos/caixa_bombom_garoto.png,caixa bombom garoto,19.00,Geral,FALSE,FALSE,TRUE
produtos/caixa_bombom_nestle_especialidades.png,caixa bombom nestle especialidades,17.00,Geral,FALSE,FALSE,TRUE
produtos/caixa_de_bombom_nestle_especialidades.png,caixa de bombom nestle especialidades,17.00,Geral,FALSE,FALSE,TRUE
produtos/caldo_de_galinha_knor.png,caldo de galinha knor,2.25,Geral,FALSE,FALSE,TRUE
produtos/caldo_maggi_costela.png,Caldo Maggi costela,3.50,Geral,FALSE,FALSE,TRUE
produtos/caldo_maggi_legumes.png,caldo Maggi legumes,3.50,Geral,FALSE,FALSE,TRUE
produtos/camelinho.png,Camelinho,5.50,Geral,FALSE,FALSE,TRUE
produtos/camomila_donana_7g.png,camomila donana 7g,3.25,Geral,FALSE,FALSE,TRUE
produtos/campari_998ml.png,campari 998ml,65.00,Geral,FALSE,FALSE,TRUE
produtos/canela__moida_donana_10g.png,canela  moida Donana 10g,2.80,Geral,FALSE,FALSE,TRUE
produtos/canela_rama_donana_10g.png,Canela rama Donana 10g,2.80,Geral,FALSE,FALSE,TRUE
produtos/caracu_lata.png,caracu lata,6.00,Geral,FALSE,FALSE,TRUE
produtos/caracu_long_neck.png,Caracu long neck,6.00,Geral,FALSE,FALSE,TRUE
produtos/carvão_2.5kg.png,carvão 2.5kg,18.00,Geral,FALSE,FALSE,TRUE
produtos/carvão_5kg_dois_irmãos.png,carvão 5kg dois irmãos,33.00,Geral,FALSE,FALSE,TRUE
produtos/carvao_7kg_dois_irmaos.png,carvao 7kg dois irmaos,39.00,Geral,FALSE,FALSE,TRUE
produtos/carvão_narguile_avante_250g.png,carvão narguile avante 250g,6.00,Geral,FALSE,FALSE,TRUE
produtos/casco_heiniken_600.png,casco heiniken 600,2.00,Geral,FALSE,FALSE,TRUE
produtos/catchup_quero_400g.png,catchup quero 400g,10.50,Geral,FALSE,FALSE,TRUE
produtos/catuaba_duelo_920ml.png,Catuaba Duelo 920ml,9.00,Geral,FALSE,FALSE,TRUE
produtos/catupinga_900ml.png,catupinga 900ml,23.50,Geral,FALSE,FALSE,TRUE
produtos/cereser.png,cereser,24.00,Geral,FALSE,FALSE,TRUE
produtos/cheetos_105g.png,cheetos 105g,11.00,Geral,FALSE,FALSE,TRUE
produtos/cheetos_mix.png,cheetos mix,4.00,Geral,FALSE,FALSE,TRUE
produtos/cheetos_requeijão_45g.png,Cheetos requeijão 45g,4.00,Geral,FALSE,FALSE,TRUE
produtos/chiclete_olho_terror_zone.png,chiclete olho terror zone,0.50,Geral,FALSE,FALSE,TRUE
produtos/chiclete_plutonita_dentada_ardente.png,chiclete plutonita dentada ardente,0.50,Geral,FALSE,FALSE,TRUE
produtos/chiclete_poosh_vermelho.png,chiclete poosh vermelho,0.25,Geral,FALSE,FALSE,TRUE
produtos/chipa_ou_pao_de_queijo.png,chipa ou pao de queijo,23.00,Geral,FALSE,FALSE,TRUE
produtos/chocomoça_premium.png,chocomoça premium,2.50,Geral,FALSE,FALSE,TRUE
produtos/chumichurri.png,chumichurri,8.00,Geral,FALSE,FALSE,TRUE
produtos/ciclete_poosh_rosa.png,ciclete poosh rosa,0.25,Geral,FALSE,FALSE,TRUE
produtos/ciclete_poosh_verde.png,ciclete poosh verde,0.25,Geral,FALSE,FALSE,TRUE
produtos/cigarro_camel_amarelo.png,cigarro Camel amarelo,7.00,Geral,FALSE,FALSE,TRUE
produtos/cigarro_camel_berry_cereja.png,cigarro camel berry cereja,7.00,Geral,FALSE,FALSE,TRUE
produtos/cigarro_camel_blue.png,cigarro Camel blue,7.00,Geral,FALSE,FALSE,TRUE
produtos/cigarro_camel_double.png,cigarro Camel double,7.00,Geral,FALSE,FALSE,TRUE
produtos/cigarro_chesterfield_original_azul.png,cigarro Chesterfield original azul,8.50,Geral,FALSE,FALSE,TRUE
produtos/cigarro_chesterfield_original_laranja.png,cigarro Chesterfield original laranja,8.50,Geral,FALSE,FALSE,TRUE
produtos/cigarro_chesterfield_remix_beats_melancia.png,cigarro Chesterfield remix beats melancia,9.50,Geral,FALSE,FALSE,TRUE
produtos/cigarro_chesterfield_remix_blossom_(rosa).png,cigarro Chesterfield remix blossom (rosa),9.50,Geral,FALSE,FALSE,TRUE
produtos/cigarro_chesterfield_remix_wild_(roxo).png,cigarro Chesterfield remix wild (roxo),9.50,Geral,FALSE,FALSE,TRUE
produtos/cigarro_chesterfield_terras_amarelo.png,cigarro Chesterfield terras amarelo,7.50,Geral,FALSE,FALSE,TRUE
produtos/cigarro_chesterfield_terras_azul.png,cigarro Chesterfield terras azul,7.50,Geral,FALSE,FALSE,TRUE
produtos/cigarro_dunhill_blue.png,cigarro Dunhill blue,11.50,Geral,FALSE,FALSE,TRUE
produtos/cigarro_dunhill_blue_blend_2.0.png,cigarro Dunhill blue blend 2.0,13.75,Geral,FALSE,FALSE,TRUE
produtos/cigarro_dunhill_carlto_blend_2.0.png,cigarro Dunhill CARLTO BLEND 2.0,13.75,Geral,FALSE,FALSE,TRUE
produtos/cigarro_dunhill_ice_boost.png,cigarro Dunhill ice boost,11.50,Geral,FALSE,FALSE,TRUE
produtos/cigarro_dunhill_red.png,cigarro Dunhill RED,11.50,Geral,FALSE,FALSE,TRUE
produtos/cigarro_fox.png,cigarro fox,4.00,Geral,FALSE,FALSE,TRUE
produtos/cigarro_lucky_strike_fresh_ice.png,cigarro Lucky Strike fresh ice,11.50,Geral,FALSE,FALSE,TRUE
produtos/cigarro_marlboro_forest_fusion.png,cigarro Marlboro forest fusion,13.50,Geral,FALSE,FALSE,TRUE
produtos/cigarro_marlboro_gold_maço.png,cigarro Marlboro gold maço,11.25,Geral,FALSE,FALSE,TRUE
produtos/cigarro_marlboro_ice_burt.png,cigarro Marlboro ice burt,13.50,Geral,FALSE,FALSE,TRUE
produtos/cigarro_marlboro_tropical_fusion.png,cigarro Marlboro tropical fusion,13.50,Geral,FALSE,FALSE,TRUE
produtos/cigarro_marlboro_vermelho_maço.png,cigarro Marlboro vermelho maço,11.25,Geral,FALSE,FALSE,TRUE
produtos/cigarro_rothmans_blue_box.png,cigarro rothmans blue box,8.75,Geral,FALSE,FALSE,TRUE
produtos/cigarro_rothmans_global.png,cigarro Rothmans global,7.50,Geral,FALSE,FALSE,TRUE
produtos/cigarro_rothmans_internacional_blue.png,cigarro rothmans internacional blue,10.00,Geral,FALSE,FALSE,TRUE
produtos/cigarro_sampoerna_menthol.png,cigarro Sampoerna menthol,16.00,Geral,FALSE,FALSE,TRUE
produtos/closeup_mentol.png,closeup mentol,6.50,Geral,FALSE,FALSE,TRUE
produtos/coca_2l.png,coca 2l,13.00,Geral,FALSE,FALSE,TRUE
produtos/coca_600ml.png,coca 600ml,6.00,Geral,FALSE,FALSE,TRUE
produtos/coca_cola_1.5_l_zero.png,coca cola 1.5 l zero,11.00,Geral,FALSE,FALSE,TRUE
produtos/coca_cola_1/.png,coca cola 1/,4.50,Geral,FALSE,FALSE,TRUE
produtos/coca_cola_600ml_zero.png,coca cola 600ml zero,6.00,Geral,FALSE,FALSE,TRUE
produtos/coca_cola_lata_350ml.png,coca cola lata 350ml,4.50,Geral,FALSE,FALSE,TRUE
produtos/coca_cola_pet-1.5l.png,Coca Cola Pet-1.5L,11.00,Geral,FALSE,FALSE,TRUE
produtos/coca_cola_zero_269ml.png,coca cola zero 269ml,3.50,Geral,FALSE,FALSE,TRUE
produtos/coca_cola_zero_2l.png,coca cola zero 2l,13.00,Geral,FALSE,FALSE,TRUE
produtos/coca_cola_zero_350ml.png,coca cola zero 350ml,4.50,Geral,FALSE,FALSE,TRUE
produtos/coca_lt_220ml.png,Coca LT 220ml,3.50,Geral,FALSE,FALSE,TRUE
produtos/coca-cola_pet_3l.png,COCA-COLA PET 3L,16.00,Geral,FALSE,FALSE,TRUE
produtos/coco_ralado_mais_coco_50g.png,Coco ralado mais coco 50g,4.00,Geral,FALSE,FALSE,TRUE
produtos/coco_ralado_menina_50g.png,coco ralado menina 50g,3.50,Geral,FALSE,FALSE,TRUE
produtos/cola_three_bond_gel.png,cola three bond gel,5.00,Geral,FALSE,FALSE,TRUE
produtos/colorau_donana_30g.png,Colorau Donana 30g,2.80,Geral,FALSE,FALSE,TRUE
produtos/cone_jeittone_cookies.png,cone jeittone cookies,9.00,Geral,FALSE,FALSE,TRUE
produtos/cone_jeittone_ninho_trufado.png,cone jeittone ninho trufado,9.00,Geral,FALSE,FALSE,TRUE
produtos/confetes_wizzy.png,confetes wizzy,2.00,Geral,FALSE,FALSE,TRUE
produtos/conhaque_presidente_900ml.png,conhaque Presidente 900ml,20.50,Geral,FALSE,FALSE,TRUE
produtos/cootonela_75_unidades.png,cootonela 75 unidades,3.00,Geral,FALSE,FALSE,TRUE
produtos/copao_brigadeiro.png,copao brigadeiro,6.00,Geral,FALSE,FALSE,TRUE
produtos/copao_essencial_leitinho.png,copao essencial leitinho,12.90,Geral,FALSE,FALSE,TRUE
produtos/copao_essencial_napolitano.png,copao essencial napolitano,12.90,Geral,FALSE,FALSE,TRUE
produtos/copao_falimia_bauniha_1.5l.png,copao falimia bauniha 1.5l,22.90,Geral,FALSE,FALSE,TRUE
produtos/copao_familia_chocolate_branco.png,copao familia chocolate branco,22.90,Geral,FALSE,FALSE,TRUE
produtos/copao_familia_cocada_cremosa_1.5l.png,copao familia cocada cremosa 1.5l,22.90,Geral,FALSE,FALSE,TRUE
produtos/copao_familia_ninho_1.5l.png,copao familia ninho 1.5l,22.90,Geral,FALSE,FALSE,TRUE
produtos/copao_leitinho.png,copao leitinho,6.00,Geral,FALSE,FALSE,TRUE
produtos/copao_napolitanno.png,copao napolitanno,6.00,Geral,FALSE,FALSE,TRUE
produtos/copo_açai_com_letinho_180g.png,copo açai com letinho 180g,8.00,Geral,FALSE,FALSE,TRUE
produtos/copo_copao_770_ml_und.png,copo copao 770 ml und,1.00,Geral,FALSE,FALSE,TRUE
produtos/copo_descartavel_180ml.png,copo descartavel 180ml,8.99,Geral,FALSE,FALSE,TRUE
produtos/copo_descartável_cristalcopo_200ml.png,copo descartável cristalcopo 200ml,7.80,Geral,FALSE,FALSE,TRUE
produtos/copo_descartavel_minaplast.png,copo descartavel minaplast,9.50,Geral,FALSE,FALSE,TRUE
produtos/coquetel_açai_cativa_1l.png,coquetel açai Cativa 1L,11.00,Geral,FALSE,FALSE,TRUE
produtos/corona_extra_long_neck.png,corona extra long neck,7.50,Geral,FALSE,FALSE,TRUE
produtos/corona_zero_long_neck.png,corona zero long neck,7.50,Geral,FALSE,FALSE,TRUE
produtos/coronita_long_neck.png,coronita long neck,6.00,Geral,FALSE,FALSE,TRUE
produtos/cravo_donana_10g.png,cravo Donana 10g,5.00,Geral,FALSE,FALSE,TRUE
produtos/creme_de_leite_italac_200g.png,creme de leite Italac 200g,4.50,Geral,FALSE,FALSE,TRUE
produtos/creme_de_leite_itambé.png,creme de leite Itambé,4.00,Geral,FALSE,FALSE,TRUE
produtos/creme_de_leite_mococa.png,creme de leite Mococa,3.50,Geral,FALSE,FALSE,TRUE
produtos/creme_de_leite_piracanjuba_200g.png,creme de leite piracanjuba 200g,4.80,Geral,FALSE,FALSE,TRUE
produtos/creme_dental_closeup_menta_americana.png,creme dental closeup menta americana,4.50,Geral,FALSE,FALSE,TRUE
produtos/creme_dental_colgate.png,creme dental Colgate,7.50,Geral,FALSE,FALSE,TRUE
produtos/crystal_350ml.png,Crystal 350ml,2.75,Geral,FALSE,FALSE,TRUE
produtos/crystal_500ml_com_gas.png,CRYSTAL 500ML COM GAS,3.00,Geral,FALSE,FALSE,TRUE
produtos/cup_noodes_parmegiana_carne.png,cup noodes parmegiana carne,6.50,Geral,FALSE,FALSE,TRUE
produtos/cup_noodles_bolonhesa.png,cup noodles bolonhesa,6.50,Geral,FALSE,FALSE,TRUE
produtos/cup_noodles_carne.png,Cup Noodles carne,6.50,Geral,FALSE,FALSE,TRUE
produtos/cup_noodles_feijoada.png,cup noodles feijoada,6.50,Geral,FALSE,FALSE,TRUE
produtos/cup_noodles_galinha_caipira.png,Cup Noodles galinha caipira,6.50,Geral,FALSE,FALSE,TRUE
produtos/cup_noodles_galinha_caipira_picante.png,Cup Noodles galinha caipira picante,6.50,Geral,FALSE,FALSE,TRUE
produtos/cup_noodles_legumes_com_azeite.png,cup noodles legumes com azeite,6.50,Geral,FALSE,FALSE,TRUE
produtos/cup_noodles_queijo_cheddar.png,cup noodles queijo cheddar,6.50,Geral,FALSE,FALSE,TRUE
produtos/cup_noodles_yakissoba.png,Cup Noodles yakissoba,6.50,Geral,FALSE,FALSE,TRUE
produtos/cx_amstel_350_com_12und.png,cx amstel 350 com 12und,48.00,Geral,FALSE,FALSE,TRUE
produtos/cx_amstel_lt_269ml_12u.png,Cx Amstel LT 269ml 12U,39.99,Geral,FALSE,FALSE,TRUE
produtos/cx_antartica_350ml.png,cx antartica 350ml,46.99,Geral,FALSE,FALSE,TRUE
produtos/cx_brahma_269_com_15_und.png,cx brahma 269 com 15 und,45.99,Geral,FALSE,FALSE,TRUE
produtos/cx_brahma_350_com_18und.png,cx brahma 350 com 18und,67.50,Geral,FALSE,FALSE,TRUE
produtos/cx_budueiser_350ml_com_12und.png,cx budueiser 350ml com 12und,51.99,Geral,FALSE,FALSE,TRUE
produtos/cx_budweiser_269_c_15und.png,cx budweiser 269 c 15und,51.99,Geral,FALSE,FALSE,TRUE
produtos/cx_crystal.png,cx crystal,31.99,Geral,FALSE,FALSE,TRUE
produtos/cx_duplo_malte_350ml.png,cx duplo malte 350ml,51.00,Geral,FALSE,FALSE,TRUE
produtos/cx_heiniken_269_com_8unid.png,cx heiniken 269 com 8unid,38.00,Geral,FALSE,FALSE,TRUE
produtos/cx_heiniken_350ml.png,cx heiniken 350ml,69.99,Geral,FALSE,FALSE,TRUE
produtos/cx_imperio_269.png,cx imperio 269,34.99,Geral,FALSE,FALSE,TRUE
produtos/cx_imperio_350_c_15und.png,cx imperio 350 c 15und,54.00,Geral,FALSE,FALSE,TRUE
produtos/cx_imperio_350ml_com_12und.png,cx imperio 350ml com 12und,45.00,Geral,FALSE,FALSE,TRUE
produtos/cx_itaipava_269_com_12und.png,cx itaipava 269 com 12und,31.99,Geral,FALSE,FALSE,TRUE
produtos/cx_original_269_com_15und.png,cx original 269 com 15und,54.99,Geral,FALSE,FALSE,TRUE
produtos/cx_original_350.png,cx original 350,57.99,Geral,FALSE,FALSE,TRUE
produtos/cx_petra_350ml_com_12und.png,cx petra 350ml com 12und,42.00,Geral,FALSE,FALSE,TRUE
produtos/cx_skol_269_com_15und.png,cx skol 269 com 15und,45.00,Geral,FALSE,FALSE,TRUE
produtos/cx_skol_350_com_18_und.png,cx skol 350 com 18 und,67.50,Geral,FALSE,FALSE,TRUE
produtos/cx_spaten_350ml.png,cx spaten 350ml,60.00,Geral,FALSE,FALSE,TRUE
produtos/cx_sub_zero_269ml.png,cx sub zero 269ml,40.99,Geral,FALSE,FALSE,TRUE
produtos/delirio_blueberry_473ml.png,Delirio blueberry 473ml,4.50,Geral,FALSE,FALSE,TRUE
produtos/delirio_pessego_473ml.png,delirio pessego 473ml,4.50,Geral,FALSE,FALSE,TRUE
produtos/desengordurante_multiuso_ype.png,desengordurante multiuso Ype,8.00,Geral,FALSE,FALSE,TRUE
produtos/desinfetante_minuano.png,desinfetante minuano,4.00,Geral,FALSE,FALSE,TRUE
produtos/desinfetante_ype_500ml_floral.png,desinfetante Ype 500ml floral,4.50,Geral,FALSE,FALSE,TRUE
produtos/desinfetante_ype_500ml_lavanda.png,desinfetante Ype 500ml lavanda,4.50,Geral,FALSE,FALSE,TRUE
produtos/detergente_ypê_neutro.png,detergente Ypê neutro,3.85,Geral,FALSE,FALSE,TRUE
produtos/doriana_250g.png,doriana 250g,6.75,Geral,FALSE,FALSE,TRUE
produtos/doritos_37g.png,Doritos 37g,4.99,Geral,FALSE,FALSE,TRUE
produtos/duelo_açai.png,duelo açai,9.75,Geral,FALSE,FALSE,TRUE
produtos/eldoro_55g.png,Eldoro 55g,4.00,Geral,FALSE,FALSE,TRUE
produtos/erva_campanario_abacaxi.png,erva campanario abacaxi,11.00,Geral,FALSE,FALSE,TRUE
produtos/erva_campanario_black_ice.png,erva campanario black ice,11.00,Geral,FALSE,FALSE,TRUE
produtos/erva_campanario_burrito.png,erva campanario burrito,11.00,Geral,FALSE,FALSE,TRUE
produtos/erva_campanario_energy_blue.png,erva campanario energy blue,11.00,Geral,FALSE,FALSE,TRUE
produtos/erva_campanario_extra_forte.png,erva campanario extra forte,11.00,Geral,FALSE,FALSE,TRUE
produtos/erva_campanario_hortela.png,erva campanario hortela,11.00,Geral,FALSE,FALSE,TRUE
produtos/erva_campanario_limão.png,erva campanario limão,11.00,Geral,FALSE,FALSE,TRUE
produtos/erva_campanario_menta_e_limao.png,erva campanario menta e limao,11.00,Geral,FALSE,FALSE,TRUE
produtos/erva_de_terere_barao_bacaxi_com_hortela.png,erva de terere barao bacaxi com hortela,17.00,Geral,FALSE,FALSE,TRUE
produtos/erva_de_terere_rio_sul_limao_rosa.png,erva de terere rio sul limao rosa,17.00,Geral,FALSE,FALSE,TRUE
produtos/erva_de_terere_rio_sul_menta_fogo.png,erva de terere rio sul menta fogo,17.00,Geral,FALSE,FALSE,TRUE
produtos/erva_donana_10g.png,Erva donana 10g,3.25,Geral,FALSE,FALSE,TRUE
produtos/erva_mate_mordomia.png,Erva Mate Mordomia,8.00,Geral,FALSE,FALSE,TRUE
produtos/erva_mate_terere_500g.png,erva mate terere 500g,8.00,Geral,FALSE,FALSE,TRUE
produtos/erva_mate_uhde_ice_e_mentol.png,Erva Mate UHDE Ice e Mentol,10.50,Geral,FALSE,FALSE,TRUE
produtos/erva_mate_uhde_limão.png,erva mate UHDE Limão,10.50,Geral,FALSE,FALSE,TRUE
produtos/erva_mate_uhde_menta_bruta.png,Erva Mate UHDE Menta Bruta,10.50,Geral,FALSE,FALSE,TRUE
produtos/erva_rio_sul_menta_bleck_500g.png,erva Rio Sul menta bleck 500g,17.00,Geral,FALSE,FALSE,TRUE
produtos/erva_rio_sul_pura_folha_500g.png,erva Rio Sul pura folha 500g,17.00,Geral,FALSE,FALSE,TRUE
produtos/erva_riosul_menta_e_boldo_500g.png,erva RioSul menta e boldo 500g,17.00,Geral,FALSE,FALSE,TRUE
produtos/erva_terere_black_ice_menta.png,erva terere black ice menta,16.00,Geral,FALSE,FALSE,TRUE
produtos/ervilha_bonare_280g.png,ervilha Bonare 280g,4.75,Geral,FALSE,FALSE,TRUE
produtos/ervilha_e_milho_quero.png,Ervilha e milho Quero,6.75,Geral,FALSE,FALSE,TRUE
produtos/espeto_para_churrasco_dusul.png,espeto para churrasco dusul,6.50,Geral,FALSE,FALSE,TRUE
produtos/esponja_multi_uso_alklin.png,esponja multi uso alklin,2.50,Geral,FALSE,FALSE,TRUE
produtos/esponja_multiuso_vip.png,esponja multiuso Vip,2.50,Geral,FALSE,FALSE,TRUE
produtos/essencia_zgy__frutas_verde.png,essencia ZGY  frutas verde,11.00,Geral,FALSE,FALSE,TRUE
produtos/essencia_zgy_fresh_lemon_(limao).png,essencia ZGY fresh lemon (LIMAO),11.00,Geral,FALSE,FALSE,TRUE
produtos/essencia_zgy_grape_(uva).png,essencia ZGY grape (uva),11.00,Geral,FALSE,FALSE,TRUE
produtos/essencia_ziggy__morango_e_laranja.png,essencia ZIGGY  morango e laranja,11.00,Geral,FALSE,FALSE,TRUE
produtos/essencia_ziggy__watermelon_bomb.png,essencia ZIGGY  watermelon bomb,11.00,Geral,FALSE,FALSE,TRUE
produtos/essencia_ziggy_banana_tropical.png,essencia ZIGGY banana tropical,11.00,Geral,FALSE,FALSE,TRUE
produtos/essencia_ziggy_berry.png,essencia ZIGGY berry,11.00,Geral,FALSE,FALSE,TRUE
produtos/essencia_ziggy_duas_goiabas.png,essencia ZIGGY duas goiabas,11.00,Geral,FALSE,FALSE,TRUE
produtos/essencia_ziggy_duas_maças_verdes.png,essencia ZIGGY duas maças verdes,11.00,Geral,FALSE,FALSE,TRUE
produtos/essencia_ziggy_frutas_amarelas.png,essencia ZIGGY frutas amarelas,11.00,Geral,FALSE,FALSE,TRUE
produtos/essencia_ziggy_frutti.png,essencia ZIGGY frutti,11.00,Geral,FALSE,FALSE,TRUE
produtos/essencia_ziggy_hapocalyx_mint.png,essencia ZIGGY hapocalyx mint,11.00,Geral,FALSE,FALSE,TRUE
produtos/essencia_ziggy_yellow_starburst.png,essencia ZIGGY yellow starburst,11.00,Geral,FALSE,FALSE,TRUE
produtos/essencia_ziggy_yogurt.png,essencia ZIGGY yogurt,11.00,Geral,FALSE,FALSE,TRUE
produtos/essencia_zigy_cherry.png,essencia zigy cherry,11.00,Geral,FALSE,FALSE,TRUE
produtos/essenciale_flocos.png,essenciale flocos,12.90,Geral,FALSE,FALSE,TRUE
produtos/estalinho.png,estalinho,1.50,Geral,FALSE,FALSE,TRUE
produtos/extrato_elefante_300g.png,extrato elefante 300g,10.00,Geral,FALSE,FALSE,TRUE
produtos/fandangos_presunto_37g.png,Fandangos presunto 37g,3.00,Geral,FALSE,FALSE,TRUE
produtos/fandangos_queijo_37g.png,Fandangos queijo 37g,2.99,Geral,FALSE,FALSE,TRUE
produtos/fanta_269.png,fanta 269,3.50,Geral,FALSE,FALSE,TRUE
produtos/fanta_600ml.png,fanta 600ml,5.00,Geral,FALSE,FALSE,TRUE
produtos/fanta_chucy_punch.png,fanta chucy punch,4.50,Geral,FALSE,FALSE,TRUE
produtos/fanta_laranja_3l.png,fanta laranja 3l,12.00,Geral,FALSE,FALSE,TRUE
produtos/fanta_laranja_pet_2l.png,FANTA LARANJA PET 2L,10.00,Geral,FALSE,FALSE,TRUE
produtos/fanta_lt_350ml.png,fanta lt 350ml,4.50,Geral,FALSE,FALSE,TRUE
produtos/fanta_maracuja_350ml.png,fanta maracuja 350ml,4.50,Geral,FALSE,FALSE,TRUE
produtos/fanta_uva_269.png,fanta uva 269,3.50,Geral,FALSE,FALSE,TRUE
produtos/fanta_uva_2l.png,fanta uva 2l,10.00,Geral,FALSE,FALSE,TRUE
produtos/farinha_de_mandioca_donana_500g.png,farinha de mandioca Donana 500g,10.50,Geral,FALSE,FALSE,TRUE
produtos/farinha_de_mandioca_pinduca_250g.png,farinha de mandioca Pinduca 250g,6.50,Geral,FALSE,FALSE,TRUE
produtos/farinha_de_rosca_donana_500g.png,farinha de rosca Donana 500g,8.99,Geral,FALSE,FALSE,TRUE
produtos/farinha_de_trigo_farina.png,farinha de trigo farina,5.00,Geral,FALSE,FALSE,TRUE
produtos/farinha_de_trigo_rosa_branca_1kg.png,farinha de trigo rosa branca 1kg,5.50,Geral,FALSE,FALSE,TRUE
produtos/farofa_de_mandioca_dcheff.png,farofa de mandioca dcheff,10.50,Geral,FALSE,FALSE,TRUE
produtos/farofa_de_milho_pinduca_400g.png,farofa de milho Pinduca 400g,5.50,Geral,FALSE,FALSE,TRUE
produtos/farofa_donana_400g.png,farofa donana 400g,7.00,Geral,FALSE,FALSE,TRUE
produtos/feijão_yamanari.png,feijão Yamanari,10.50,Geral,FALSE,FALSE,TRUE
produtos/fermento_biológico_dr_oetker.png,Fermento biológico Dr Oetker,2.50,Geral,FALSE,FALSE,TRUE
produtos/fermento_biológico_fleischmann_10g.png,fermento biológico Fleischmann 10g,2.50,Geral,FALSE,FALSE,TRUE
produtos/fermento_biologicodona_benta.png,fermento biologicodona benta,2.50,Geral,FALSE,FALSE,TRUE
produtos/fermento_em_pó_apti.png,fermento em pó Apti,4.99,Geral,FALSE,FALSE,TRUE
produtos/fermento_em_pó_dona_benta.png,fermento em pó Dona Benta,4.00,Geral,FALSE,FALSE,TRUE
produtos/fermento_em_pó_dr_oether.png,fermento em pó DR oether,5.50,Geral,FALSE,FALSE,TRUE
produtos/fermento_pó_royal.png,fermento pó royal,6.75,Geral,FALSE,FALSE,TRUE
produtos/filme_plastico_lisafilm.png,filme plastico lisafilm,5.00,Geral,FALSE,FALSE,TRUE
produtos/filtro_café_3_corações_n_103.png,filtro café 3 corações n 103,7.00,Geral,FALSE,FALSE,TRUE
produtos/filtro_café_3_corações_n102.png,filtro café 3 corações n102,6.50,Geral,FALSE,FALSE,TRUE
produtos/filtro_de_papel_brigitta_n103.png,filtro de papel brigitta n103,6.99,Geral,FALSE,FALSE,TRUE
produtos/fini_banana_15g.png,fini banana 15g,1.50,Geral,FALSE,FALSE,TRUE
produtos/fini_dentadura_15g.png,fini dentadura 15g,1.50,Geral,FALSE,FALSE,TRUE
produtos/fini_minhoca_azedinha.png,fini minhoca azedinha,1.50,Geral,FALSE,FALSE,TRUE
produtos/fini_minhocas_15g.png,Fini minhocas 15g,1.50,Geral,FALSE,FALSE,TRUE
produtos/fini_tu_b_es_uva.png,fini tu b es uva,1.50,Geral,FALSE,FALSE,TRUE
produtos/fini_tube_cereja._maça_verde_azedinho.png,fini tube cereja. maça verde azedinho,1.50,Geral,FALSE,FALSE,TRUE
produtos/fini_tube_frutas_silvestre_colorido.png,fini tube frutas silvestre colorido,1.50,Geral,FALSE,FALSE,TRUE
produtos/fini_tube_tutti-frutti_azedinho.png,fini tube tutti-frutti azedinho,1.50,Geral,FALSE,FALSE,TRUE
produtos/fini_tubes_framboesa_pinta_lingua.png,fini tubes framboesa pinta lingua,1.50,Geral,FALSE,FALSE,TRUE
produtos/fini_tubes_frutas_silvestre_azedinho.png,fini tubes frutas silvestre azedinho,1.25,Geral,FALSE,FALSE,TRUE
produtos/fini_tubes_morango_e_nata.png,fini tubes morango e nata,1.50,Geral,FALSE,FALSE,TRUE
produtos/fini_tubes_morango_e_nata_azedinho.png,fini tubes morango e nata azedinho,1.25,Geral,FALSE,FALSE,TRUE
produtos/fogos_12x1.png,fogos 12x1,60.00,Geral,FALSE,FALSE,TRUE
produtos/fogos_19x4.png,fogos 19x4,95.00,Geral,FALSE,FALSE,TRUE
produtos/fogos_folha_seca.png,fogos folha seca,75.00,Geral,FALSE,FALSE,TRUE
produtos/folha_de_louro_donana_7g.png,folha de louro Donana 7g,3.80,Geral,FALSE,FALSE,TRUE
produtos/fosforo.png,fosforo,1.00,Geral,FALSE,FALSE,TRUE
produtos/frutuba_tubaina_2l.png,frutuba tubaina 2l,5.50,Geral,FALSE,FALSE,TRUE
produtos/fta_uva_pet_2l_06un.png,FTA UVA PET 2L 06un,9.50,Geral,FALSE,FALSE,TRUE
produtos/fuba_mimoso_donana_1kg.png,fuba mimoso donana 1kg,7.99,Geral,FALSE,FALSE,TRUE
produtos/fubá_ponzan_500g.png,Fubá ponzan 500G,5.20,Geral,FALSE,FALSE,TRUE
produtos/funada_2l.png,Funada 2l,8.50,Geral,FALSE,FALSE,TRUE
produtos/funada_3l.png,funada 3l,10.50,Geral,FALSE,FALSE,TRUE
produtos/furioso_250_ml.png,furioso 250 ml,3.50,Geral,FALSE,FALSE,TRUE
produtos/furioso_2l_maça_verde_e_melao.png,furioso 2L maça verde e melao,13.00,Geral,FALSE,FALSE,TRUE
produtos/furioso_2l_melancia.png,furioso 2L melancia,13.00,Geral,FALSE,FALSE,TRUE
produtos/furioso_2l_tropical.png,furioso 2L tropical,13.00,Geral,FALSE,FALSE,TRUE
produtos/furioso_tradicional_2l.png,furioso tradicional 2L,13.00,Geral,FALSE,FALSE,TRUE
produtos/furioso_uva_verde_e_pessego_2l.png,furioso uva verde e pessego 2l,13.00,Geral,FALSE,FALSE,TRUE
produtos/gatorade_blue_berry.png,gatorade blue berry,7.50,Geral,FALSE,FALSE,TRUE
produtos/gatorade_laranja.png,Gatorade Laranja,7.50,Geral,FALSE,FALSE,TRUE
produtos/gatorade_limão.png,Gatorade limão,7.50,Geral,FALSE,FALSE,TRUE
produtos/gatorade_morango_e_melancia.png,gatorade morango e melancia,7.50,Geral,FALSE,FALSE,TRUE
produtos/gatorade_tangerina.png,gatorade tangerina,7.50,Geral,FALSE,FALSE,TRUE
produtos/gatorade_uva.png,gatorade uva,7.50,Geral,FALSE,FALSE,TRUE
produtos/gelatina_apti_limão.png,gelatina Apti limão,2.50,Geral,FALSE,FALSE,TRUE
produtos/gelatina_apti_uva.png,gelatina Apti uva,2.50,Geral,FALSE,FALSE,TRUE
produtos/gelatina_dr_oetker_cereja.png,gelatina DR Oetker cereja,2.50,Geral,FALSE,FALSE,TRUE
produtos/gelatina_dr_oetker_maracuja.png,gelatina DR Oetker maracuja,2.50,Geral,FALSE,FALSE,TRUE
produtos/gelatina_sem_sabor_apti.png,gelatina sem sabor apti,4.80,Geral,FALSE,FALSE,TRUE
produtos/gelo_coco.png,gelo coco,5.00,Geral,FALSE,FALSE,TRUE
produtos/gelo_cubo_10kg.png,gelo cubo 10kg,22.00,Geral,FALSE,FALSE,TRUE
produtos/gelo_cubo_1kg.png,gelo cubo 1kg,5.00,Geral,FALSE,FALSE,TRUE
produtos/gelo_cubo_2.5kg.png,gelo cubo 2.5kg,10.00,Geral,FALSE,FALSE,TRUE
produtos/gelo_cubo_5kg.png,gelo cubo 5kg,14.00,Geral,FALSE,FALSE,TRUE
produtos/gelo_triturado_12kg.png,gelo triturado 12kg,22.00,Geral,FALSE,FALSE,TRUE
produtos/gin_eternity_900ml.png,GIN eternity 900ml,28.99,Geral,FALSE,FALSE,TRUE
produtos/gin_qn_frutas_tropical_900ml.png,GIN QN frutas tropical 900ml,22.00,Geral,FALSE,FALSE,TRUE
produtos/gin_qn_maça_verde_900ml.png,GIN QN maça verde 900ml,22.00,Geral,FALSE,FALSE,TRUE
produtos/gin_qn_melancia_900ml.png,GIN QN melancia 900ml,22.00,Geral,FALSE,FALSE,TRUE
produtos/gin_qn_strawberry_morango_900ml.png,GIN QN STRAWBERRY morango 900ml,22.00,Geral,FALSE,FALSE,TRUE
produtos/gin_rock's_1l.png,Gin Rock's 1L,45.00,Geral,FALSE,FALSE,TRUE
produtos/goma_gomets_doril.png,goma gomets doril,1.50,Geral,FALSE,FALSE,TRUE
produtos/granulado_mil_cores_150g.png,granulado mil cores 150g,4.50,Geral,FALSE,FALSE,TRUE
produtos/granulado_original__120g.png,granulado original  120g,4.50,Geral,FALSE,FALSE,TRUE
produtos/guaraná_antartica_1l.png,Guaraná antartica 1L,4.50,Geral,FALSE,FALSE,TRUE
produtos/guarana_antartica_1l_descartavel.png,guarana antartica 1l descartavel,5.50,Geral,FALSE,FALSE,TRUE
produtos/guarana_antartica_269ml.png,guarana antartica 269ml,3.50,Geral,FALSE,FALSE,TRUE
produtos/guaraná_antártica_2l.png,guaraná antártica 2L,10.50,Geral,FALSE,FALSE,TRUE
produtos/guarana_antartica_350ml.png,guarana antartica 350ml,4.00,Geral,FALSE,FALSE,TRUE
produtos/guarana_antartica_zero_2_l.png,guarana antartica zero 2 L,10.50,Geral,FALSE,FALSE,TRUE
produtos/guarana_zero_350_ml.png,guarana zero 350 ml,4.50,Geral,FALSE,FALSE,TRUE
produtos/guardanapo_coquetel.png,guardanapo Coquetel,3.50,Geral,FALSE,FALSE,TRUE
produtos/guardanapo_santepel.png,guardanapo santepel,3.50,Geral,FALSE,FALSE,TRUE
produtos/h2oh_1.5l_limao.png,h2oh 1.5L limao,10.00,Geral,FALSE,FALSE,TRUE
produtos/h2oh_1.5l_limoneto.png,h2oh 1.5L limoneto,10.00,Geral,FALSE,FALSE,TRUE
produtos/h2oh_limoneto_500ml.png,H2OH limoneto 500ml,6.00,Geral,FALSE,FALSE,TRUE
produtos/halls__menta.png,HALLS  menta,2.50,Geral,FALSE,FALSE,TRUE
produtos/halls__uva_verde.png,HALLS  uva verde,2.50,Geral,FALSE,FALSE,TRUE
produtos/halls_cereja.png,HALLS cereja,2.50,Geral,FALSE,FALSE,TRUE
produtos/halls_extra_forte.png,HALLS extra forte,2.50,Geral,FALSE,FALSE,TRUE
produtos/halls_melancia.png,HALLS melancia,2.50,Geral,FALSE,FALSE,TRUE
produtos/halls_mentol.png,HALLS mentol,2.50,Geral,FALSE,FALSE,TRUE
produtos/hein_pil_600_retornavel.png,HEIN PIL 600 retornavel,11.50,Geral,FALSE,FALSE,TRUE
produtos/heineken_0.0%_ln_330ml.png,Heineken 0.0% LN 330ml,7.50,Geral,FALSE,FALSE,TRUE
produtos/heineken_269ml.png,Heineken 269ml,5.00,Geral,FALSE,FALSE,TRUE
produtos/heineken_350ml.png,Heineken 350ml,6.00,Geral,FALSE,FALSE,TRUE
produtos/heineken_ln_330ml.png,Heineken LN 330ml,7.50,Geral,FALSE,FALSE,TRUE
produtos/heineken_zero_350_ml.png,heineken zero 350 ml,6.00,Geral,FALSE,FALSE,TRUE
produtos/ice_cabaré_frutas_amarela.png,ice Cabaré frutas amarela,7.50,Geral,FALSE,FALSE,TRUE
produtos/ice_cabaré_frutas_vermelhas.png,Ice Cabaré frutas vermelhas,7.50,Geral,FALSE,FALSE,TRUE
produtos/ice_cabaré_limão.png,Ice Cabaré Limão,7.50,Geral,FALSE,FALSE,TRUE
produtos/ice_cabaré_tangerina.png,Ice Cabaré tangerina,7.50,Geral,FALSE,FALSE,TRUE
produtos/ice_noch_frutas_vermelha.png,ice noch frutas vermelha,3.50,Geral,FALSE,FALSE,TRUE
produtos/ice_smirnoff_long_neck.png,ice Smirnoff long neck,10.00,Geral,FALSE,FALSE,TRUE
produtos/imperio_269ml.png,Imperio 269ml,3.00,Geral,FALSE,FALSE,TRUE
produtos/imperio_lager_long_neck.png,imperio lager long neck,6.00,Geral,FALSE,FALSE,TRUE
produtos/imperio_pilse_350ml.png,Imperio pilse 350ml,3.75,Geral,FALSE,FALSE,TRUE
produtos/imperio_ultra_269ml.png,imperio ULTRA 269ml,4.50,Geral,FALSE,FALSE,TRUE
produtos/imperio_ultra_long_neck_275ml.png,imperio ultra long neck 275ml,6.50,Geral,FALSE,FALSE,TRUE
produtos/isqueiro_bic_maxi.png,isqueiro Bic maxi,7.00,Geral,FALSE,FALSE,TRUE
produtos/isqueiro_bic_mini.png,isqueiro Bic mini,5.50,Geral,FALSE,FALSE,TRUE
produtos/itaipava_269ml.png,Itaipava 269ml,2.75,Geral,FALSE,FALSE,TRUE
produtos/jurubeba_duelo_920ml.png,jurubeba duelo 920ml,9.00,Geral,FALSE,FALSE,TRUE
produtos/jurupinga_dinalle_975ml.png,jurupinga dinalle 975ml,45.50,Geral,FALSE,FALSE,TRUE
produtos/kapo_mor_200.png,KAPO MOR 200,3.00,Geral,FALSE,FALSE,TRUE
produtos/kapo_olho_do_pirata_200ml.png,kapo olho do pirata 200ml,3.00,Geral,FALSE,FALSE,TRUE
produtos/kapo_uva_200.png,KAPO UVA 200,3.00,Geral,FALSE,FALSE,TRUE
produtos/ketchup_bonare.png,ketchup bonare,3.00,Geral,FALSE,FALSE,TRUE
produtos/ketchup_ekma_400g.png,ketchup Ekma 400g,6.99,Geral,FALSE,FALSE,TRUE
produtos/ketchup_fugini_180g.png,ketchup fugini 180g,3.50,Geral,FALSE,FALSE,TRUE
produtos/ketchup_quero_200g.png,Ketchup Quero 200g,6.99,Geral,FALSE,FALSE,TRUE
produtos/ketchup_quero_200g.png,ketchup quero 200g,7.00,Geral,FALSE,FALSE,TRUE
produtos/kimilho_yoki_500g.png,Kimilho Yoki 500g,6.99,Geral,FALSE,FALSE,TRUE
produtos/kitkat_41.5g.png,KitKat 41.5g,5.00,Geral,FALSE,FALSE,TRUE
produtos/kró_cebola_100g.png,kró cebola 100g,4.50,Geral,FALSE,FALSE,TRUE
produtos/kró_churrasco_100g.png,Kró churrasco 100g,4.50,Geral,FALSE,FALSE,TRUE
produtos/kro_presunto.png,kro presunto,4.50,Geral,FALSE,FALSE,TRUE
produtos/kró_queijo_100g.png,Kró queijo 100g,4.50,Geral,FALSE,FALSE,TRUE
produtos/kró_requeijão_100g.png,kró requeijão 100g,4.50,Geral,FALSE,FALSE,TRUE
produtos/lampada_fiat_luz_12w.png,lampada fiat luz 12w,9.00,Geral,FALSE,FALSE,TRUE
produtos/lampada_ledvance_15w.png,lampada ledvance 15w,10.50,Geral,FALSE,FALSE,TRUE
produtos/lampada_ouro_lux_15w.png,Lampada ouro lux 15w,10.50,Geral,FALSE,FALSE,TRUE
produtos/leite_condensado_italac.png,leite condensado Italac,8.50,Geral,FALSE,FALSE,TRUE
produtos/leite_condensado_triangulo.png,Leite Condensado Triangulo,4.70,Geral,FALSE,FALSE,TRUE
produtos/leite_de_coco_ducoco.png,leite de coco ducoco,7.00,Geral,FALSE,FALSE,TRUE
produtos/leite_de_coco_menina.png,leite de coco menina,6.50,Geral,FALSE,FALSE,TRUE
produtos/leite_de_coco_sococo.png,leite de coco sococo,8.00,Geral,FALSE,FALSE,TRUE
produtos/leite_italac_1l.png,Leite Italac 1L,7.00,Geral,FALSE,FALSE,TRUE
produtos/leite_itambem.png,leite itambem,7.50,Geral,FALSE,FALSE,TRUE
produtos/leite_piracanjuba_1l.png,leite piracanjuba 1L,7.50,Geral,FALSE,FALSE,TRUE
produtos/lenha_eucalipto.png,lenha eucalipto,14.00,Geral,FALSE,FALSE,TRUE
produtos/litrao_antartica.png,litrao antartica,9.00,Geral,FALSE,FALSE,TRUE
produtos/litrao_brahma.png,litrao brahma,9.00,Geral,FALSE,FALSE,TRUE
produtos/litrao_crystal.png,litrao crystal,7.00,Geral,FALSE,FALSE,TRUE
produtos/litrao_skol.png,litrao skol,9.00,Geral,FALSE,FALSE,TRUE
produtos/litrinho_brahma_300ml.png,litrinho brahma 300ml,2.80,Geral,FALSE,FALSE,TRUE
produtos/litrinho_budweiser.png,Litrinho budweiser,3.25,Geral,FALSE,FALSE,TRUE
produtos/litrinho_original_300ml.png,litrinho original 300ml,3.30,Geral,FALSE,FALSE,TRUE
produtos/litrinho_skol_300ml.png,litrinho skol 300ml,2.80,Geral,FALSE,FALSE,TRUE
produtos/luck_strike_fresh_double_ice.png,luck strike fresh double ice,12.00,Geral,FALSE,FALSE,TRUE
produtos/lucky_strike_fresh_mint_x.png,Lucky Strike fresh mint x,11.50,Geral,FALSE,FALSE,TRUE
produtos/macarão_espaguete_liane.png,macarão espaguete Liane,5.25,Geral,FALSE,FALSE,TRUE
produtos/macarão_ninho_dallas.png,macarão ninho dallas,7.50,Geral,FALSE,FALSE,TRUE
produtos/macarrão_lasanha_petybon.png,macarrão lasanha Petybon,5.50,Geral,FALSE,FALSE,TRUE
produtos/macarrão_parafuso_liane_500g.png,macarrão parafuso Liane 500g,5.25,Geral,FALSE,FALSE,TRUE
produtos/macarrão_penne_todeschini.png,Macarrão penne Todeschini,5.25,Geral,FALSE,FALSE,TRUE
produtos/machimelo_olho.png,machimelo olho,1.00,Geral,FALSE,FALSE,TRUE
produtos/maionese_dajuda_200g.png,maionese Dajuda 200g,3.00,Geral,FALSE,FALSE,TRUE
produtos/maionese_hellmann's_sache_200g.png,maionese Hellmann's sache 200g,9.50,Geral,FALSE,FALSE,TRUE
produtos/maionese_hellmans_400g.png,maionese hellmans 400g,17.00,Geral,FALSE,FALSE,TRUE
produtos/maionese_quero_200g.png,maionese Quero 200g,4.50,Geral,FALSE,FALSE,TRUE
produtos/mandioca_congelada_pereira.png,mandioca congelada pereira,8.50,Geral,FALSE,FALSE,TRUE
produtos/manteiga_delicia_500g.png,manteiga delicia 500g,11.50,Geral,FALSE,FALSE,TRUE
produtos/marchimelo_olho.png,marchimelo olho,1.00,Geral,FALSE,FALSE,TRUE
produtos/margarina_delicia_250g.png,margarina delicia 250g,6.50,Geral,FALSE,FALSE,TRUE
produtos/margarina_doriana_500g.png,margarina doriana 500g,10.00,Geral,FALSE,FALSE,TRUE
produtos/margarina_qualy_250g.png,margarina Qualy 250g,7.00,Geral,FALSE,FALSE,TRUE
produtos/margarina_qualy_500g.png,margarina qualy 500g,10.00,Geral,FALSE,FALSE,TRUE
produtos/marlboro_gold_selection.png,marlboro gold selection,10.50,Geral,FALSE,FALSE,TRUE
produtos/massa_lasanha_dona_benta.png,massa lasanha dona benta,5.00,Geral,FALSE,FALSE,TRUE
produtos/mate_leão_450ml_limão.png,Mate leão 450ml limão,4.00,Geral,FALSE,FALSE,TRUE
produtos/mate_leão_450ml_pessego.png,mate leão 450ml pessego,4.00,Geral,FALSE,FALSE,TRUE
produtos/matte_leao_16g.png,Matte leao 16g,4.50,Geral,FALSE,FALSE,TRUE
produtos/matte_leão_250g.png,Matte leão 250g,10.50,Geral,FALSE,FALSE,TRUE
produtos/mentos_fruit.png,mentos fruit,3.00,Geral,FALSE,FALSE,TRUE
produtos/mentos_mint.png,mentos mint,3.00,Geral,FALSE,FALSE,TRUE
produtos/michelob_ultra_log_neck.png,michelob ultra log neck,6.50,Geral,FALSE,FALSE,TRUE
produtos/milho_de_pipoca_donana_500g.png,milho de pipoca Donana 500g,6.50,Geral,FALSE,FALSE,TRUE
produtos/milho_pipoca_yoki.png,milho pipoca yoki,5.50,Geral,FALSE,FALSE,TRUE
produtos/milho_so_fruta.png,milho so fruta,4.25,Geral,FALSE,FALSE,TRUE
produtos/milho_verde_bonare_280g.png,milho verde bonare 280g,4.99,Geral,FALSE,FALSE,TRUE
produtos/milho_verde_quero.png,milho verde Quero,4.50,Geral,FALSE,FALSE,TRUE
produtos/mini_copao_kids_morango_c_leite_condensado.png,mini copao kids morango c leite condensado,4.00,Geral,FALSE,FALSE,TRUE
produtos/mini_copao_kids_turri-frutti.png,mini copao kids turri-frutti,4.00,Geral,FALSE,FALSE,TRUE
produtos/miojo_nissin_lámen__galinha_caipira.png,miojo Nissin lámen  galinha caipira,3.50,Geral,FALSE,FALSE,TRUE
produtos/miojo_nissin_lámen_carne.png,miojo Nissin lámen carne,3.50,Geral,FALSE,FALSE,TRUE
produtos/miojo_nissin_lámen_galinha.png,miojo Nissin lámen galinha,3.50,Geral,FALSE,FALSE,TRUE
produtos/miojo_nissin_turma_da_mônica_tomate.png,miojo Nissin turma da Mônica tomate,3.50,Geral,FALSE,FALSE,TRUE
produtos/mistura_para_bolo_apti_chocolate.png,mistura para bolo Apti chocolate,6.50,Geral,FALSE,FALSE,TRUE
produtos/mistura_para_bolo_apti_coco.png,mistura para bolo apti coco,6.50,Geral,FALSE,FALSE,TRUE
produtos/mistura_para_bolo_apti_laranja.png,mistura para bolo apti laranja,6.50,Geral,FALSE,FALSE,TRUE
produtos/mistura_para_bolo_apti_quatro_leites.png,mistura para bolo Apti quatro leites,6.50,Geral,FALSE,FALSE,TRUE
produtos/moinho_real_long_neck.png,moinho real long neck,5.00,Geral,FALSE,FALSE,TRUE
produtos/molho_de_tomate_quero.png,molho de tomate Quero,3.50,Geral,FALSE,FALSE,TRUE
produtos/monster_energy_lt_473ml.png,Monster Energy LT 473ml,10.00,Geral,FALSE,FALSE,TRUE
produtos/monster_energy_zero_acucar.png,Monster Energy Zero Acucar,10.00,Geral,FALSE,FALSE,TRUE
produtos/monster_gragon_ice_tea_(laranja).png,monster gragon ice tea (laranja),10.00,Geral,FALSE,FALSE,TRUE
produtos/monster_juice_pipeline_(rosa).png,monster juice pipeline (rosa),10.00,Geral,FALSE,FALSE,TRUE
produtos/monster_mango_loco_lata_473ml.png,Monster Mango Loco Lata 473ml,10.00,Geral,FALSE,FALSE,TRUE
produtos/monster_mango_loco_zero.png,monster mango loco zero,10.00,Geral,FALSE,FALSE,TRUE
produtos/monster_pacific_pinch__juice.png,monster pacific pinch  juice,10.00,Geral,FALSE,FALSE,TRUE
produtos/monster_rio_punch_(verde).png,monster rio punch (verde),10.00,Geral,FALSE,FALSE,TRUE
produtos/monster_ultra_(branco).png,monster ultra (branco),10.00,Geral,FALSE,FALSE,TRUE
produtos/monster_ultra_peachy_keen.png,monster ultra peachy keen,10.00,Geral,FALSE,FALSE,TRUE
produtos/monster_ultra_violet.png,monster ultra violet,10.00,Geral,FALSE,FALSE,TRUE
produtos/monster_watermelon_(vermelho).png,monster watermelon (vermelho),10.00,Geral,FALSE,FALSE,TRUE
produtos/moreninha_chocolate.png,moreninha chocolate,5.00,Geral,FALSE,FALSE,TRUE
produtos/moreninha_leitinho.png,MORENINHA LEITINHO,5.00,Geral,FALSE,FALSE,TRUE
produtos/moreninha_morango.png,moreninha morango,5.00,Geral,FALSE,FALSE,TRUE
produtos/mostarda_campo_belo.png,mostarda campo belo,4.25,Geral,FALSE,FALSE,TRUE
produtos/mostarda_dusul_185g.png,mostarda Dusul 185g,3.98,Geral,FALSE,FALSE,TRUE
produtos/mostarda_dusul_200g.png,mostarda Dusul 200g,3.00,Geral,FALSE,FALSE,TRUE
produtos/mostarda_ekma_200g.png,mostarda ekma 200g,4.50,Geral,FALSE,FALSE,TRUE
produtos/mostarda_fugi_180g.png,mostarda fugi 180g,4.50,Geral,FALSE,FALSE,TRUE
produtos/mostarda_quero_190g.png,mostarda quero 190g,7.50,Geral,FALSE,FALSE,TRUE
produtos/nescau_350g.png,nescau 350g,17.50,Geral,FALSE,FALSE,TRUE
produtos/noz_moscada.png,Noz Moscada,2.80,Geral,FALSE,FALSE,TRUE
produtos/oleo_de_soja_concordia.png,Oleo de soja concordia,10.00,Geral,FALSE,FALSE,TRUE
produtos/oleo_soja_coamo.png,oleo soja coamo,10.00,Geral,FALSE,FALSE,TRUE
produtos/oregano_donana.png,oregano Donana,2.80,Geral,FALSE,FALSE,TRUE
produtos/original_269ml.png,original 269ml,3.75,Geral,FALSE,FALSE,TRUE
produtos/original_350ml.png,Original 350ml,5.00,Geral,FALSE,FALSE,TRUE
produtos/ovos.png,ovos,1.00,Geral,FALSE,FALSE,TRUE
produtos/paçoca_manduví_quadrada.png,paçoca Manduví quadrada,1.50,Geral,FALSE,FALSE,TRUE
produtos/paçoca_rolha_grande_manduvi.png,paçoca rolha grande manduvi,1.50,Geral,FALSE,FALSE,TRUE
produtos/paçoca_rolha_pequena_manduvi.png,paçoca rolha pequena manduvi,0.50,Geral,FALSE,FALSE,TRUE
produtos/pacote_fox.png,pacote fox,32.00,Geral,FALSE,FALSE,TRUE
produtos/palheiro__juriti_tradicional.png,Palheiro  Juriti tradicional,23.00,Geral,FALSE,FALSE,TRUE
produtos/palheiro_juriti_menta.png,palheiro juriti menta,25.00,Geral,FALSE,FALSE,TRUE
produtos/palheiro_santropez_mama_cadela.png,Palheiro Santropez mama cadela,26.00,Geral,FALSE,FALSE,TRUE
produtos/palheiros_santropez_menta.png,palheiros santropez menta,26.00,Geral,FALSE,FALSE,TRUE
produtos/palito_churrasco_fiat_lux.png,palito churrasco Fiat Lux,6.50,Geral,FALSE,FALSE,TRUE
produtos/palito_dente_paraná.png,Palito dente Paraná,2.00,Geral,FALSE,FALSE,TRUE
produtos/pao_de_formaseven_boys.png,pao de formaseven boys,0.00,Geral,FALSE,FALSE,TRUE
produtos/papael_aluminil_narguile_und.png,papael aluminil narguile und,0.50,Geral,FALSE,FALSE,TRUE
produtos/papael_filme_adherent_30m.png,papael filme Adherent 30m,5.85,Geral,FALSE,FALSE,TRUE
produtos/papel_aluminio_pratsy_4m.png,papel aluminio Pratsy 4m,5.00,Geral,FALSE,FALSE,TRUE
produtos/papel_aluminio_wyda_4m.png,papel aluminio Wyda 4m,6.00,Geral,FALSE,FALSE,TRUE
produtos/papel_higiênico_fofinho_c_4_rolos.png,papel higiênico fofinho c 4 rolos,8.99,Geral,FALSE,FALSE,TRUE
produtos/papel_higienico_personal.png,papel higienico personal,6.50,Geral,FALSE,FALSE,TRUE
produtos/papel_higiênico_sublime_4_rolos.png,papel higiênico Sublime 4 rolos,6.50,Geral,FALSE,FALSE,TRUE
produtos/papel_manteiga.png,papel manteiga,9.50,Geral,FALSE,FALSE,TRUE
produtos/papel_manteiga_pratsy.png,papel manteiga pratsy,8.00,Geral,FALSE,FALSE,TRUE
produtos/papel_toalha_coquetel.png,papel toalha coquetel,6.50,Geral,FALSE,FALSE,TRUE
produtos/papel_toalha_klass.png,papel toalha Klass,6.50,Geral,FALSE,FALSE,TRUE
produtos/papel_toalha_sorella.png,papel toalha sorella,7.50,Geral,FALSE,FALSE,TRUE
produtos/paprica_doce.png,paprica doce,6.80,Geral,FALSE,FALSE,TRUE
produtos/paprica_picante.png,paprica picante,6.80,Geral,FALSE,FALSE,TRUE
produtos/pasta_dental_closeup_eucalyptus_freeze.png,pasta dental closeup eucalyptus freeze,6.50,Geral,FALSE,FALSE,TRUE
produtos/pasta_dental_closeup_red_hot.png,pasta dental closeup red hot,6.50,Geral,FALSE,FALSE,TRUE
produtos/pe_de_moça.png,pe de moça,2.00,Geral,FALSE,FALSE,TRUE
produtos/pe_de_moleque_manduvi.png,pe de moleque manduvi,2.00,Geral,FALSE,FALSE,TRUE
produtos/pepsi_black_2l.png,pepsi black 2L,9.50,Geral,FALSE,FALSE,TRUE
produtos/pepsi_black_350_ml.png,pepsi black 350 ml,4.50,Geral,FALSE,FALSE,TRUE
produtos/pepsi_twist_black.png,pepsi twist black,9.50,Geral,FALSE,FALSE,TRUE
produtos/petra_269ml.png,Petra 269ml,3.00,Geral,FALSE,FALSE,TRUE
produtos/petra_350ml.png,Petra 350ml,3.75,Geral,FALSE,FALSE,TRUE
produtos/petra_long_neck.png,petra long neck,4.50,Geral,FALSE,FALSE,TRUE
produtos/picole_abacaxi.png,picole abacaxi,3.00,Geral,FALSE,FALSE,TRUE
produtos/picole_banana_com_jeitella.png,picole banana com jeitella,0.00,Geral,FALSE,FALSE,TRUE
produtos/picole_brigadeiro.png,picole brigadeiro,6.00,Geral,FALSE,FALSE,TRUE
produtos/picole_coco.png,picole coco,4.50,Geral,FALSE,FALSE,TRUE
produtos/picole_coco_queimado.png,picole coco queimado,4.50,Geral,FALSE,FALSE,TRUE
produtos/picole_cookies.png,picole cookies,9.00,Geral,FALSE,FALSE,TRUE
produtos/picole_crokito.png,picole crokito,9.00,Geral,FALSE,FALSE,TRUE
produtos/picole_de_pamonha.png,picole de pamonha,4.50,Geral,FALSE,FALSE,TRUE
produtos/picole_gigio.png,picole gigio,6.00,Geral,FALSE,FALSE,TRUE
produtos/picole_gira_jeito_tuttiblue_roxo.png,picole gira jeito tuttiblue roxo,4.00,Geral,FALSE,FALSE,TRUE
produtos/picole_goiaba.png,picole goiaba,3.00,Geral,FALSE,FALSE,TRUE
produtos/picole_groselha.png,picole groselha,3.00,Geral,FALSE,FALSE,TRUE
produtos/picole_jeito_bom_chocolate.png,picole jeito bom chocolate,4.50,Geral,FALSE,FALSE,TRUE
produtos/picole_jeito_lapis_groselha.png,picole jeito lapis groselha,2.00,Geral,FALSE,FALSE,TRUE
produtos/picole_jeito_maltine.png,picole jeito maltine,6.00,Geral,FALSE,FALSE,TRUE
produtos/picole_lapis_jeito_bonzinho_chocolate.png,picole lapis jeito bonzinho chocolate,2.50,Geral,FALSE,FALSE,TRUE
produtos/picole_lapis_pinta_lingua.png,picole lapis pinta lingua,2.00,Geral,FALSE,FALSE,TRUE
produtos/picole_leitinho.png,picole leitinho,4.50,Geral,FALSE,FALSE,TRUE
produtos/picole_limao.png,picole limao,3.00,Geral,FALSE,FALSE,TRUE
produtos/picole_morango.png,picole morango,3.00,Geral,FALSE,FALSE,TRUE
produtos/picole_ninho_trufado.png,picole ninho trufado,7.00,Geral,FALSE,FALSE,TRUE
produtos/picole_skimo.png,picole skimo,6.00,Geral,FALSE,FALSE,TRUE
produtos/picole_splito.png,picole splito,7.00,Geral,FALSE,FALSE,TRUE
produtos/picole_uva.png,picole uva,3.00,Geral,FALSE,FALSE,TRUE
produtos/pilha_aa_panasonic_com_04_und.png,pilha AA panasonic com 04 und,6.50,Geral,FALSE,FALSE,TRUE
produtos/pilha_alcalina_aaa2_rayovac_c_2.png,pilha alcalina AAA2 rayovac c 2,11.50,Geral,FALSE,FALSE,TRUE
produtos/pilha_palito_aaa_c_4und.png,pilha palito AAA c 4und,6.50,Geral,FALSE,FALSE,TRUE
produtos/pilha_panasonic_aa_c_4.png,pilha panasonic AA c 4,6.50,Geral,FALSE,FALSE,TRUE
produtos/pilha_panasonic_aaa_com_04_un_palito.png,pilha panasonic AAA com 04 un palito,6.50,Geral,FALSE,FALSE,TRUE
produtos/pimenta_do_reino_moida_donana.png,pimenta do reino moida donana,7.00,Geral,FALSE,FALSE,TRUE
produtos/pimenta_vermelha_cepera_150ml.png,Pimenta vermelha Cepera 150ml,6.00,Geral,FALSE,FALSE,TRUE
produtos/pimentinha_salgadinho.png,PIMENTINHA salgadinho,1.50,Geral,FALSE,FALSE,TRUE
produtos/pingo_d'ouro.png,Pingo d'ouro,4.00,Geral,FALSE,FALSE,TRUE
produtos/pinho_alpes_floral7896274801428.png,pinho alpes floral7896274801428,4.50,Geral,FALSE,FALSE,TRUE
produtos/pipoca_manteiga_de_cinema_yoki.png,pipoca manteiga de cinema Yoki,7.00,Geral,FALSE,FALSE,TRUE
produtos/pipoca_microndas_manteiga.png,pipoca microndas manteiga,4.50,Geral,FALSE,FALSE,TRUE
produtos/pipoca_microondas_bacon.png,pipoca microondas bacon,4.50,Geral,FALSE,FALSE,TRUE
produtos/pirulito_boca_loca.png,pirulito boca loca,3.00,Geral,FALSE,FALSE,TRUE
produtos/pirulito_diploko_boom_like_morango.png,Pirulito diploko boom like morango,3.00,Geral,FALSE,FALSE,TRUE
produtos/pirulito_diploko_booom_like_uva.png,pirulito Diploko Booom like uva,3.00,Geral,FALSE,FALSE,TRUE
produtos/pirulito_diploko_olho.png,pirulito Diploko olho,3.00,Geral,FALSE,FALSE,TRUE
produtos/pirulito_miguelito.png,PIRULITO MIGUELITO,2.00,Geral,FALSE,FALSE,TRUE
produtos/pirulito_poplito_torre_(_quadrado).png,pirulito poplito torre ( quadrado),2.50,Geral,FALSE,FALSE,TRUE
produtos/pirulito_simples.png,pirulito simples,0.50,Geral,FALSE,FALSE,TRUE
produtos/pirulito_voaloko_neon.png,Pirulito voaloko neon,3.00,Geral,FALSE,FALSE,TRUE
produtos/pote_açai_180g.png,pote açai 180g,8.00,Geral,FALSE,FALSE,TRUE
produtos/pote_açai_2l.png,pote açai 2l,39.90,Geral,FALSE,FALSE,TRUE
produtos/pote_açai_com_leitinho_1l.png,pote açai com leitinho 1l,29.90,Geral,FALSE,FALSE,TRUE
produtos/pote_sorvete_1.5l_gigio.png,pote sorvete 1.5l gigio,26.90,Geral,FALSE,FALSE,TRUE
produtos/pote_sorvete_abacaxi_2l.png,pote sorvete abacaxi 2l,29.90,Geral,FALSE,FALSE,TRUE
produtos/pote_sorvete_abacaxi_frances_1.5l.png,pote sorvete abacaxi frances 1.5l,26.90,Geral,FALSE,FALSE,TRUE
produtos/pote_sorvete_bala_baiana_1.5l.png,pote sorvete bala baiana 1.5l,26.90,Geral,FALSE,FALSE,TRUE
produtos/pote_sorvete_bombom_550g.png,pote sorvete bombom 550g,24.00,Geral,FALSE,FALSE,TRUE
produtos/pote_sorvete_chocolate_1.5l.png,pote sorvete chocolate 1.5l,26.90,Geral,FALSE,FALSE,TRUE
produtos/pote_sorvete_creme_2l.png,pote sorvete creme 2l,29.90,Geral,FALSE,FALSE,TRUE
produtos/pote_sorvete_creme_c_chocolate_3.5l.png,pote sorvete creme c chocolate 3.5l,42.90,Geral,FALSE,FALSE,TRUE
produtos/pote_sorvete_dois_amores_2l.png,pote sorvete dois amores 2l,29.90,Geral,FALSE,FALSE,TRUE
produtos/pote_sorvete_flocos_2l.png,pote sorvete flocos 2l,29.90,Geral,FALSE,FALSE,TRUE
produtos/pote_sorvete_iogurte_c_frutas_verm_1.5l.png,pote sorvete iogurte c frutas verm 1.5l,26.90,Geral,FALSE,FALSE,TRUE
produtos/pote_sorvete_jeito_maltine_1l.png,pote sorvete jeito maltine 1l,22.90,Geral,FALSE,FALSE,TRUE
produtos/pote_sorvete_kalaque_1.5l.png,pote sorvete kalaque 1.5l,26.90,Geral,FALSE,FALSE,TRUE
produtos/pote_sorvete_leite_condensado_3.5l.png,pote sorvete leite condensado 3.5l,42.90,Geral,FALSE,FALSE,TRUE
produtos/pote_sorvete_morango_com_leite_condensado_2l.png,pote sorvete morango com leite condensado 2l,29.90,Geral,FALSE,FALSE,TRUE
produtos/pote_sorvete_napolitano_2l.png,pote sorvete napolitano 2l,29.90,Geral,FALSE,FALSE,TRUE
produtos/pote_sorvete_napolitano_3.5l.png,pote sorvete napolitano 3.5l,42.90,Geral,FALSE,FALSE,TRUE
produtos/pote_sorvete_napolitano_zero_1l.png,pote sorvete napolitano zero 1l,29.90,Geral,FALSE,FALSE,TRUE
produtos/pote_sorvete_ninho_trufado.png,pote sorvete ninho trufado,22.90,Geral,FALSE,FALSE,TRUE
produtos/pote_sorvete_ninho_trufado_zero_1l.png,pote sorvete ninho trufado zero 1l,29.90,Geral,FALSE,FALSE,TRUE
produtos/pote_sorvete_olho_de_sogra_1.5l.png,pote sorvete olho de sogra 1.5l,26.90,Geral,FALSE,FALSE,TRUE
produtos/pote_sorvete_passas_ao_rum_1.5l.png,pote sorvete passas ao rum 1.5l,26.90,Geral,FALSE,FALSE,TRUE
produtos/pote_sorvete_pistache.png,pote sorvete pistache,29.90,Geral,FALSE,FALSE,TRUE
produtos/pote_sorvete_torta_alema_1.5l.png,pote sorvete torta alema 1.5l,26.90,Geral,FALSE,FALSE,TRUE
produtos/prato_descartavel_trik_trik.png,prato descartavel Trik Trik,4.00,Geral,FALSE,FALSE,TRUE
produtos/prato_festa_facil.png,prato festa facil,4.50,Geral,FALSE,FALSE,TRUE
produtos/prestobarba_gillette_01_und.png,prestobarba gillette 01 und,4.25,Geral,FALSE,FALSE,TRUE
produtos/puro_coco_1l.png,puro coco 1l,13.50,Geral,FALSE,FALSE,TRUE
produtos/pururuca_café_das_15_50g.png,Pururuca café das 15 50g,2.50,Geral,FALSE,FALSE,TRUE
produtos/push_pop_duo.png,Push pop duo,5.00,Geral,FALSE,FALSE,TRUE
produtos/queijo_parmesão_ralado_ipanema_40g.png,queijo parmesão ralado Ipanema 40g,6.00,Geral,FALSE,FALSE,TRUE
produtos/queijo_parmesao_ralado_presidente.png,queijo parmesao ralado presidente,6.75,Geral,FALSE,FALSE,TRUE
produtos/queijo_parmesão_ralado_vigor.png,queijo parmesão ralado Vigor,8.50,Geral,FALSE,FALSE,TRUE
produtos/queijo_ralado_mococa_40g.png,queijo ralado mococa 40g,5.00,Geral,FALSE,FALSE,TRUE
produtos/queijo_ralado_parmesao_italac.png,queijo ralado parmesao italac,7.50,Geral,FALSE,FALSE,TRUE
produtos/queijo_ralado_parmesao_parmezzo.png,queijo ralado parmesao parmezzo,4.50,Geral,FALSE,FALSE,TRUE
produtos/queijo_ralado_parmesao_parmissimo.png,queijo ralado parmesao parmissimo,5.50,Geral,FALSE,FALSE,TRUE
produtos/red_bull_250_ml.png,red bull 250 ml,11.00,Geral,FALSE,FALSE,TRUE
produtos/red_bull_melancia_250ml.png,red bull melancia 250ml,11.00,Geral,FALSE,FALSE,TRUE
produtos/red_bull_tropical_250ml.png,red bull tropical 250ml,11.00,Geral,FALSE,FALSE,TRUE
produtos/red_bull_zero_açúcar_250ml.png,red bull zero açúcar 250ml,11.00,Geral,FALSE,FALSE,TRUE
produtos/rojao_de_vara.png,rojao de vara,30.00,Geral,FALSE,FALSE,TRUE
produtos/rothmans_ice_boost.png,rothmans ice boost,9.00,Geral,FALSE,FALSE,TRUE
produtos/sabao_barra_unidade.png,sabao barra unidade,3.50,Geral,FALSE,FALSE,TRUE
produtos/sabão_em_pó_brilhante_800g.png,sabão em pó brilhante 800g,15.50,Geral,FALSE,FALSE,TRUE
produtos/sabão_em_pó_omo_400g.png,sabão em pó omo 400g,15.00,Geral,FALSE,FALSE,TRUE
produtos/sabão_em_pó_omo_720g.png,sabão em pó omo 720g,18.00,Geral,FALSE,FALSE,TRUE
produtos/sabao_em_pó_tixan_ype.png,sabao em pó tixan ype,8.50,Geral,FALSE,FALSE,TRUE
produtos/sabonete_lux_bugue_de_jasmim.png,sabonete lux bugue de jasmim,3.00,Geral,FALSE,FALSE,TRUE
produtos/sabonete_lux_flor_de_verbena.png,sabonete lux flor de verbena,3.00,Geral,FALSE,FALSE,TRUE
produtos/sabonete_lux_rosas_francesas.png,sabonete lux rosas francesas,3.00,Geral,FALSE,FALSE,TRUE
produtos/sabor_ami_alho_e_sal.png,sabor ami alho e sal,6.80,Geral,FALSE,FALSE,TRUE
produtos/sabor_ami_tempero_completo_sem_pimemnte.png,sabor ami tempero completo sem pimemnte,6.80,Geral,FALSE,FALSE,TRUE
produtos/saco_de_lixo_100_l_lima_com_5und.png,saco de lixo 100 L Lima com 5und,8.00,Geral,FALSE,FALSE,TRUE
produtos/sal_amoniaco_30g.png,sal amoniaco 30g,2.80,Geral,FALSE,FALSE,TRUE
produtos/sal_grosso_lebre.png,sal grosso Lebre,5.00,Geral,FALSE,FALSE,TRUE
produtos/sal_lebre.png,sal lebre,5.00,Geral,FALSE,FALSE,TRUE
produtos/sal_lebre_grosso_do_himalaia.png,sal lebre grosso do himalaia,15.00,Geral,FALSE,FALSE,TRUE
produtos/sal_tradicional_cisne.png,sal tradicional Cisne,5.50,Geral,FALSE,FALSE,TRUE
produtos/salcicha_bordon.png,salcicha Bordon,8.99,Geral,FALSE,FALSE,TRUE
produtos/salcicha_bordon_250g.png,salcicha bordon 250g,7.99,Geral,FALSE,FALSE,TRUE
produtos/sardinha_coqueiro.png,sardinha coqueiro,10.00,Geral,FALSE,FALSE,TRUE
produtos/schweppes_1.5l.png,schweppes 1.5l,10.00,Geral,FALSE,FALSE,TRUE
produtos/schweppes_lt_350ml.png,schweppes lt 350ml,4.50,Geral,FALSE,FALSE,TRUE
produtos/seleta_de_legumes_bonare.png,seleta de legumes Bonare,5.50,Geral,FALSE,FALSE,TRUE
produtos/seleta_de_legumes_sofruta.png,seleta de legumes Sofruta,5.49,Geral,FALSE,FALSE,TRUE
produtos/seleta_de_legumes_sófrutas.png,seleta de legumes Sófrutas,5.50,Geral,FALSE,FALSE,TRUE
produtos/shoyu_hinomoto.png,shoyu hinomoto,10.00,Geral,FALSE,FALSE,TRUE
produtos/shoyu_mitsuwa.png,shoyu mitsuwa,10.00,Geral,FALSE,FALSE,TRUE
produtos/skol_269ml.png,skol 269ml,3.25,Geral,FALSE,FALSE,TRUE
produtos/skol_350ml.png,skol 350ml,3.75,Geral,FALSE,FALSE,TRUE
produtos/skol_beats_269.png,skol Beats 269,6.00,Geral,FALSE,FALSE,TRUE
produtos/skol_beats_gt_long_neck.png,Skol Beats GT long neck,8.50,Geral,FALSE,FALSE,TRUE
produtos/skol_beats_senses_long_neck.png,skol Beats senses long neck,8.50,Geral,FALSE,FALSE,TRUE
produtos/sol_premium_330ml_6unid.png,SOL PREMIUM 330ML 6UNID,6.50,Geral,FALSE,FALSE,TRUE
produtos/sorvete_mocacino.png,sorvete mocacino,29.90,Geral,FALSE,FALSE,TRUE
produtos/spaten_350ml.png,Spaten 350ml,5.00,Geral,FALSE,FALSE,TRUE
produtos/spaten_600ml.png,spaten 600ml,10.50,Geral,FALSE,FALSE,TRUE
produtos/spaten_long_neck.png,spaten long neck,6.50,Geral,FALSE,FALSE,TRUE
produtos/sprit_600ml.png,sprit 600ml,6.00,Geral,FALSE,FALSE,TRUE
produtos/sprite_269.png,sprite 269,3.50,Geral,FALSE,FALSE,TRUE
produtos/sprite_2l.png,sprite 2l,10.00,Geral,FALSE,FALSE,TRUE
produtos/sprite_350.png,sprite 350,4.50,Geral,FALSE,FALSE,TRUE
produtos/sprite_zero_2l.png,sprite zero 2l,10.00,Geral,FALSE,FALSE,TRUE
produtos/stella_artois_gold_long_neck.png,Stella Artois gold long neck,7.00,Geral,FALSE,FALSE,TRUE
produtos/stella_artois_long_neck.png,Stella Artois long neck,7.00,Geral,FALSE,FALSE,TRUE
produtos/stiksy_palito_salgados.png,Stiksy palito salgados,4.00,Geral,FALSE,FALSE,TRUE
produtos/suco_del_vale_1l_laranja.png,suco del vale 1l laranja,10.00,Geral,FALSE,FALSE,TRUE
produtos/suco_del_vale_lata_manga.png,suco del vale lata manga,4.50,Geral,FALSE,FALSE,TRUE
produtos/suco_del_valle_caju_1l.png,suco Del Valle caju 1L,10.00,Geral,FALSE,FALSE,TRUE
produtos/suco_del_valle_lata_goiaba.png,suco Del Valle lata goiaba,4.50,Geral,FALSE,FALSE,TRUE
produtos/suco_del_valle_lata_maracuja.png,suco Del Valle Lata maracuja,4.50,Geral,FALSE,FALSE,TRUE
produtos/suco_del_valle_lata_pessego.png,suco Del Valle lata pessego,4.50,Geral,FALSE,FALSE,TRUE
produtos/suco_del_valle_lata_uva.png,suco Del Valle lata uva,4.50,Geral,FALSE,FALSE,TRUE
produtos/suco_del_valle_manga_1l.png,suco Del Valle manga 1L,10.00,Geral,FALSE,FALSE,TRUE
produtos/suco_del_valle_maracujá_1l.png,suco Del Valle maracujá 1L,10.00,Geral,FALSE,FALSE,TRUE
produtos/suco_del_valle_pêssego_1l.png,suco Del Valle pêssego 1L,10.00,Geral,FALSE,FALSE,TRUE
produtos/suco_del_valle_uva_1l.png,suco del valle uva 1L,6.00,Geral,FALSE,FALSE,TRUE
produtos/suco_del_valle_uva_1l.png,suco Del Valle uva 1L,10.00,Geral,FALSE,FALSE,TRUE
produtos/suco_garoto_1.5.png,suco garoto 1.5,22.50,Geral,FALSE,FALSE,TRUE
produtos/suco_garoto_2l.png,SUCO GAROTO 2L,28.00,Geral,FALSE,FALSE,TRUE
produtos/suco_garoto_caju_900ml.png,suco garoto CAJU 900ml,15.00,Geral,FALSE,FALSE,TRUE
produtos/suco_garoto_uva_900ml.png,suco garoto UVA 900ml,19.00,Geral,FALSE,FALSE,TRUE
produtos/suco_prats_1.5l_laranja.png,suco prats 1.5l laranja,30.00,Geral,FALSE,FALSE,TRUE
produtos/suco_prats_900_ml_goiaba.png,suco prats 900 ml goiaba,12.00,Geral,FALSE,FALSE,TRUE
produtos/suco_prats_900_ml_uva.png,suco prats 900 ml uva,21.80,Geral,FALSE,FALSE,TRUE
produtos/suco_prats_900ml_laranja.png,suco prats 900ml laranja,16.50,Geral,FALSE,FALSE,TRUE
produtos/suco_tang_abacaxi.png,suco tang abacaxi,2.00,Geral,FALSE,FALSE,TRUE
produtos/suco_tang_goiaba.png,suco tang goiaba,2.00,Geral,FALSE,FALSE,TRUE
produtos/suco_tang_laranja.png,suco tang laranja,2.00,Geral,FALSE,FALSE,TRUE
produtos/suco_tang_limao.png,suco tang limao,2.00,Geral,FALSE,FALSE,TRUE
produtos/suco_tang_manga.png,suco tang manga,2.00,Geral,FALSE,FALSE,TRUE
produtos/suco_tang_maracuja.png,suco tang maracuja,2.00,Geral,FALSE,FALSE,TRUE
produtos/suco_tang_morango.png,suco tang morango,2.00,Geral,FALSE,FALSE,TRUE
produtos/suco_tang_tangerina.png,suco tang tangerina,2.00,Geral,FALSE,FALSE,TRUE
produtos/sukita_2l.png,sukita 2L,8.00,Geral,FALSE,FALSE,TRUE
produtos/tang_de_uva.png,tang de uva,2.00,Geral,FALSE,FALSE,TRUE
produtos/taxa_ciagarro_cartao_conforme_lei_13.455/2017_por_unidade.png,taxa ciagarro cartao conforme lei 13.455/2017 por unidade,0.50,Geral,FALSE,FALSE,TRUE
produtos/tempero_completo_do_sul.png,tempero completo DO SUL,4.00,Geral,FALSE,FALSE,TRUE
produtos/tempero_pronto_dusul.png,tempero pronto DuSul,4.00,Geral,FALSE,FALSE,TRUE
produtos/tempero_pronto_dusul_pimenta.png,tempero pronto DuSul pimenta,4.00,Geral,FALSE,FALSE,TRUE
produtos/tempero_sazon_arroz.png,tempero sazon Arroz,6.50,Geral,FALSE,FALSE,TRUE
produtos/tempero_sazon_carnes.png,tempero sazon Carnes,7.80,Geral,FALSE,FALSE,TRUE
produtos/three_bond_gel_3g.png,Three Bond gel 3g,5.00,Geral,FALSE,FALSE,TRUE
produtos/three_bonder.png,three bonder,3.99,Geral,FALSE,FALSE,TRUE
produtos/toddy_370g.png,toddy 370g,14.70,Geral,FALSE,FALSE,TRUE
produtos/tody_200g.png,tody 200g,9.00,Geral,FALSE,FALSE,TRUE
produtos/tônica_antártica_350ml.png,Tônica Antártica 350ml,4.50,Geral,FALSE,FALSE,TRUE
produtos/torcida_cebola_35g.png,Torcida cebola 35g,2.50,Geral,FALSE,FALSE,TRUE
produtos/torcida_pimenta_mexicana_35g.png,Torcida pimenta mexicana 35g,2.50,Geral,FALSE,FALSE,TRUE
produtos/trakinas_de_limao.png,trakinas de limao,4.50,Geral,FALSE,FALSE,TRUE
produtos/trident_canela.png,Trident canela,3.00,Geral,FALSE,FALSE,TRUE
produtos/trident_hortelã.png,Trident hortelã,3.00,Geral,FALSE,FALSE,TRUE
produtos/trident_intense.png,Trident intense,3.00,Geral,FALSE,FALSE,TRUE
produtos/trident_melancia.png,Trident melancia,3.00,Geral,FALSE,FALSE,TRUE
produtos/trident_menta.png,Trident menta,3.00,Geral,FALSE,FALSE,TRUE
produtos/trident_morango.png,Trident morango,3.00,Geral,FALSE,FALSE,TRUE
produtos/trident_x_senses.png,trident x senses,3.00,Geral,FALSE,FALSE,TRUE
produtos/veja_multiuso.png,Veja multiuso,6.00,Geral,FALSE,FALSE,TRUE
produtos/vela_de_aniversário_junco.png,vela de aniversário junco,6.50,Geral,FALSE,FALSE,TRUE
produtos/vela_do_sul_5.png,vela do sul 5,7.50,Geral,FALSE,FALSE,TRUE
produtos/vela_explosiva_aniversario.png,vela explosiva aniversario,10.00,Geral,FALSE,FALSE,TRUE
produtos/vela_sul_n2.png,vela sul n2,7.50,Geral,FALSE,FALSE,TRUE
produtos/vinagre_de_alcool_castelo.png,vinagre de alcool castelo,4.50,Geral,FALSE,FALSE,TRUE
produtos/vinho_campo_largo_suave_1l.png,vinho campo largo suave 1L,19.00,Geral,FALSE,FALSE,TRUE
produtos/vinho_pergola_1l_seco.png,vinho pergola 1L seco,40.00,Geral,FALSE,FALSE,TRUE
produtos/vinho_pergola_1l_suave.png,vinho pergola 1L suave,40.00,Geral,FALSE,FALSE,TRUE
produtos/vinho_san_martin_suave_750ml.png,vinho san martin suave 750ml,23.00,Geral,FALSE,FALSE,TRUE
produtos/vinho_sangue_de_boi_seco_750ml.png,vinho sangue de boi seco 750ml,21.50,Geral,FALSE,FALSE,TRUE
produtos/vitarela_crean_cracker_crocks_tradicional.png,vitarela crean cracker crocks tradicional,10.50,Geral,FALSE,FALSE,TRUE
produtos/vodka_balalaika_1l.png,vodka Balalaika 1L,22.50,Geral,FALSE,FALSE,TRUE
produtos/vodka_bamboa_910ml.png,VODKA BAMBOA 910ml,17.00,Geral,FALSE,FALSE,TRUE
produtos/vodka_skyy_750ml.png,vodka SKYY 750ml,42.00,Geral,FALSE,FALSE,TRUE
produtos/vodka_smirnoff_998ml.png,vodka smirnoff 998ml,55.00,Geral,FALSE,FALSE,TRUE
produtos/winston_double_menthol.png,winston double menthol,7.00,Geral,FALSE,FALSE,TRUE
produtos/ziggy_frutas_roxas.png,ZIGGY frutas roxas,10.00,Geral,FALSE,,TRUE